name,user,review,date,rate,avg_rate,review_cnt,is_model
봉추찜닭압구정로데오,참고,친절하고 자리수 많음. 맛있었고 쿠폰도 좋았습니다.,2024.04.04.,5,4.0,63,모범식당지정
봉추찜닭압구정로데오,정영록,진짜 너무 친절하셔서 좋아요!!,2023.11.17.,5,4.4,145,모범식당지정
봉추찜닭압구정로데오,🍡,매장 내부가 넓고 깨끗하고 음식도 맛있어서 좋아요,2023.08.13.,5,5.0,3,모범식당지정
봉추찜닭압구정로데오,나능네주코,가게도 쾌적하고 사장님도 친절하셔요 맛있게 잘 먹고가요^-^,2023.07.19.,5,4.2,214,모범식당지정
봉추찜닭압구정로데오,1869,친절하고 맛있어요.,2023.02.18.,5,3.0,6,모범식당지정
봉추찜닭압구정로데오,제나,넘 맛있어용 양도 많고!! 직원분들도 넘 친절해요오~~,2023.02.18.,5,4.0,6,모범식당지정
봉추찜닭압구정로데오,izum,"봉추찜닭 체인점 중에 제일 맛있어요
각 지점마다 김치랑 동치미 맛이 상이한데,
여기는 항상 맛있습니다 ㅠㅠ 찐 단골이에요",2021.12.11.,5,3.0,4,모범식당지정
봉추찜닭압구정로데오,hhh,,2021.06.03.,5,4.3,48,모범식당지정
봉추찜닭압구정로데오,블라라,"순살로 시키면 양이 더 적어요.
그리고 알바생들이 너무 피곤해해 보여요.",2019.02.06.,3,3.1,314,모범식당지정
명동칼국수샤브샤브,강강약약,"사장님 은근 츤데레고 맛있어요
 (제가 한가할때 가서 그런가)
샤브샤브 육수 좋고 야채에서 단맛이 있어요",2024.04.20.,5,4.0,462,모범식당지정
명동칼국수샤브샤브,도미닉,같이 먹은 사람 다 설사함,2023.12.28.,1,2.9,34,모범식당지정
명동칼국수샤브샤브,맛없으면슬퍼요,양이적음..,2023.12.24.,2,3.7,423,모범식당지정
명동칼국수샤브샤브,맛있는거만좋아함,,2023.10.29.,1,3.8,319,모범식당지정
명동칼국수샤브샤브,지나가는솥밥,"맛은 3점이나 메뉴에 있던 볶음밥이 갑자기 없다고 하셔서 2점.. 밥이 없다느니 눌러붙어서 귀찮다느니 얼버무리시는 불친절 때문에 1점입니다..
 
다음에 안갈려고 저장해놔요..",2023.10.29.,1,3.7,37,모범식당지정
명동칼국수샤브샤브,i,"한 자리 안되면 안된다고 하시지 사람 계속 기다리게 해놓고 뒤에 온 4, 6명 사람들 먼저 들여보내고 너무 하네요. 새해부터 기분 별로네요. ",2023.01.02.,1,2.2,6,모범식당지정
명동칼국수샤브샤브,ㅇ,손님 많은건 알겠지만 직원들이 커버 못할정도면 복층매장은 없애야하는거 아닐까요 사람들 지나갈때마다 땅울리고 불러도 오지도 않고 안전면에서도 좋지 않아보여요,2022.08.06.,1,4.0,4,모범식당지정
명동칼국수샤브샤브,ㅇㅅㅇ,말투가 진짜 싸가지없음 육수 더달라는데 지맘대로 그정도면 된대ㅋ 내돈내고 기분나쁘고 싶음 추천함,2022.05.03.,1,2.8,23,모범식당지정
명동칼국수샤브샤브,기록용리뷰,"입맛 떨어졌을때 가는 곳.
매운 샤브샤브 시키면 맴찔이인 나한테 적당히 매콤하면서 고기를 땅콩장에 찍어먹으면 감칠맛이 장난 아님.
엄청 위생적이라고 할 수 없고 의자가 좀 불편하고 화장실이 별로라 별 하나는 뺐지만, 맛으로 따지면 별 5개 맞음.",2021.08.05.,4,3.5,31,모범식당지정
명동칼국수샤브샤브,Jerry,샤브샤브 맛있습니다. 국물도 얼큰하고 고기 상태도 괜찮네요. 추가해서 먹는 국수도 쫀득쫀득하고 맛있어서 배부르게 먹을 수 있습니다.,2019.06.09.,4,4.5,481,모범식당지정
통영집,전남재,,2024.03.30.,5,5.0,4,모범식당지정
통영집,화이트,,2024.03.29.,2,3.9,26,모범식당지정
통영집,Ji,,2024.03.15.,5,3.4,10,모범식당지정
통영집,진진,,2024.02.12.,5,5.0,43,모범식당지정
통영집,김선옥,,2024.01.23.,5,5.0,3,모범식당지정
통영집,맛집처돌이,무난무난하게 맛있음 선릉이라서그런지 가격이 살짝 비싼느낌? 회시키면 매운탕이 뚝배기에나오는데 개인적으로 매운탕은 가운데놓고 팔팔 끓여먹어야 제맛인거같음... 그리고... 다먹고 일어나기전에 잠깐 화장실 갔는데... 거기서 손을 씻고 나오지 않는 직원분을 마주했고.......(더보기),2023.12.02.,2,4.5,22,모범식당지정
통영집,에스더사랑,"조아조아요 
사람이 별로 업셰요",2023.11.21.,4,4.0,13,모범식당지정
통영집,솔찍리뷰,그래도 2명 식사에 17만원인데 많이 실망스럽네요. 질과 양이 다 부족합니다.,2023.04.19.,1,4.0,72,모범식당지정
통영집,임상진,,2023.02.23.,5,5.0,21,모범식당지정
통영집,won,맛있어요!! 민어 자주 먹으러 가요:),2022.07.21.,5,4.8,30,모범식당지정
통영집,피비,뽈락깍두기 먹으러 가는 곳,2021.11.13.,3,3.3,22,모범식당지정
통영집,맛맛이,통영집은 없어졌다. 싱싱하고 푸짐한 다양함은 사라졌더라. 그 돈으로 다른데 가길 권함.,2021.02.17.,2,3.1,75,모범식당지정
통영집,한종훈,두툼한 회에 같이 나오는 반찬도 너무 맛있어요.,2020.10.09.,5,5.0,5,모범식당지정
통영집,뤽뤽,"가지 마세요. 점원들은 마스크 한 명도 안 쓰고 있고, 아저씨들 많이 오는 곳이라 손님들도... 서빙하면서 말까지 해서 벨 누를 때마다 마스크를 써야 하나 고민했습니다. 다신 안 가요.",2020.06.03.,1,1.0,3,모범식당지정
통영집,ㅎㅈ,사시미 굿굿,2020.05.22.,5,4.1,9,모범식당지정
통영집,Sangmo,남도 횟집,2018.02.11.,4,3.3,173,모범식당지정
통영집,츠케멘,봄 도다리,2016.12.12.,4,3.7,63,모범식당지정
통영집,정병준,,2016.08.10.,5,4.6,540,모범식당지정
통영집,김지형,무난 깔끔한 맛,2016.03.16.,3,3.8,923,모범식당지정
한티옥,BET,"대치동 학원가 근처에서 찾기 어려운 국밥집!
맛있어요!!",2024.04.13.,5,3.0,6,모범식당지정
한티옥,skc,,2024.03.13.,4,4.8,6,모범식당지정
한티옥,SONG,옛날 생각니고 깨끗한 매장에 한그릇 뚝딱하고 왔어요~~,2024.02.16.,3,3.7,3,모범식당지정
한티옥,수수파크,거의 모든 메뉴가 맛있고 김치 등 사이드 반찬도 맛납니다 ,2024.01.28.,5,4.2,74,모범식당지정
한티옥,배정훈_민서엄마,,2024.01.23.,5,4.7,3,모범식당지정
한티옥,김정철,,2024.01.21.,5,5.0,7,모범식당지정
한티옥,짱천재235,댓글알바 고용하는 곳,2024.01.03.,1,1.1,145,모범식당지정
한티옥,단풍나무,,2023.12.17.,5,5.0,1,모범식당지정
한티옥,이학주,친절하신 업소입니다.,2023.12.09.,5,4.7,3,모범식당지정
한티옥,롱블랙,바깥음식치고 건강하면서 맛있는 느낌 괜찮네요. 잘먹었습니다.,2023.12.01.,5,4.6,133,모범식당지정
한티옥,타,,2023.11.14.,4,4.0,87,모범식당지정
한티옥,cdjopsdsse3,아줌마 종업원 인성 좀 문제있음,2023.10.20.,1,1.0,184,모범식당지정
한티옥,🌊,"와진짜 넘넘 맛있어요&hellip;&hellip; 가성비맛집은 아니지만 음식이 맛있어서 가격이 이해가됩니다,, 글고 나올때 마이쮸도 주시더라구요 ㅎㅎ",2023.09.27.,5,4.2,17,모범식당지정
한티옥,스브라운,"여긴 그냥 요리 겁나 잘하는집.
수육 야들야들
보쌈 보돌보돌
콩국수는 사기적으로 고소함(강추!)

옛날 민사랑 시절부터 한티옥 파는 음식 다 먹어봤는데, 걍 다 맛있음.

가격을 고려하는 식당이 있다면, 여긴 가격 생각 안하게 하는 집. 그래서 가성비를 논할수가 없음.
",2023.09.09.,5,4.3,11,모범식당지정
한티옥,♡,맛은 있는데 만두국이 14000원..떡도 안 들었는데 좀 비싼 감이 있어요. 국시도 13000원인가 암튼 젤 싼 메뉴가 13000원이었던 듯,2023.09.02.,3,3.9,7,모범식당지정
한티옥,Ty,안동국시 콩국수 ,2023.08.21.,4,3.7,15,모범식당지정
한티옥,장명덕,"강남에 시간 .주차 .룸. 모임장소로 
좋았고 음식도 정갈하게 보쌈정식 
맛있게 먹고 왔어요^^",2023.08.10.,5,4.8,4,모범식당지정
한티옥,efre,,2023.06.28.,1,1.1,172,모범식당지정
한티옥,한아현,"학원 스케줄 중간에 자주 먹어요
꽤 맛있어요~~!!",2023.06.22.,4,3.8,4,모범식당지정
한티옥,kjj,,2023.05.06.,4,3.3,12,모범식당지정
한티옥,파인파인,보쌈정식 국밥 국시 다 훌륭하고  밑반찬 꺗잎등 다맛있음,2023.02.12.,5,4.3,71,모범식당지정
한티옥,천재5432,,2023.01.22.,1,1.1,99,모범식당지정
한티옥,김정형,따뜻한 국밥이 맛난 곳. 겨울 가기 전에 자주 갈 듯.,2023.01.09.,5,5.0,3,모범식당지정
한티옥,맛멋休,,2022.10.08.,4,3.8,84,모범식당지정
한티옥,G.H.,,2022.07.25.,5,3.9,60,모범식당지정
한티옥,박상정,국밥이 더 맛있어요 국수보다. 육개장같으면서도 국밥같은 맛입니다. 종종 먹고싶다고 생각이 드네요. 국수는 면이 좀 풀어져서 제스타일이 아니였어요. 국물은 좋았네요.,2022.07.20.,4,3.6,659,모범식당지정
한티옥,🐑,"안동국시 푸짐하고 맛있네요 
양지국밥도 괜찮아요 ",2022.03.22.,4,3.7,66,모범식당지정
한티옥,요셉,"음식 맛있습니다. 
친절할 때도 있고 아닐 때도 있습니다.
계산할 때 꼭 스탬프 적립하세요. 먼저 안 알려줍니다.
",2022.01.09.,4,4.7,6,모범식당지정
한티옥,h7,밥에서 쉰내가 나서 바꿔달라고 하니 쌀이 묵은쌀로 잘못 배달되서 그렇다고 그냥 먹으라네요  ㅋ  다신 안가요,2021.12.11.,1,2.8,5,모범식당지정
한티옥,애뽈🍎,,2021.12.08.,4,3.4,272,모범식당지정
한티옥,JH,,2021.10.30.,1,1.5,331,모범식당지정
한티옥,steam,,2020.12.09.,5,5.0,5,모범식당지정
한티옥,대용,짱~~~~^^  맛잇던데요 ㅋㅋ,2020.11.15.,5,3.9,102,모범식당지정
용수사,루루미,"음식에 자부심이 있으신분 

반찬도 직접만드십니다

신선도는 말할거없구요 회식장소 굳:0",2023.10.19.,5,3.8,90,모범식당지정
용수사,박형근,"가보까 고민할 필요가 없음
후회할일이 없음",2023.02.11.,5,5.0,9,모범식당지정
용수사,Brann,"룸형태로 되어있고, 반찬 하나하나 퀄리티도 좋고 너무 맛있습니다",2020.02.04.,5,4.6,44,모범식당지정
갓텐스시강남,Inspiration,회전초밥집 중에 갓덴스시가 젤 맛있는 것 같아요,2024.04.28.,5,4.1,56,모범식당지정
갓텐스시강남,숑,무난한 맛집,2024.04.27.,4,4.0,384,모범식당지정
갓텐스시강남,고무다라이,"맛있어요
친절해요 회전율이 빨라서 그런지 회가 신선해요",2024.04.27.,5,3.5,10,모범식당지정
갓텐스시강남,.,맛있어용,2024.04.27.,5,3.8,237,모범식당지정
갓텐스시강남,Tra,"주말 저녁 방문. 자리가 그렇긴한데 맛은 있음. 가성비 따지면 여기만한곳이 없는듯. 직원은 그럭저럭 친절. 
",2024.04.24.,4,3.5,2,모범식당지정
갓텐스시강남,.,,2024.04.14.,4,4.1,97,모범식당지정
갓텐스시강남,잇,"웨이팅이 긴데,
우리보다 한참 나중에 온 손님부터 자리 안내해줘서 1차 빡침.

가격대에 비해 응대가 너무 불친절해서 2차 빡침.
(위아래로 훑어보고, 손님인 우리보다 본인이 나이 많아보이긴 해도 근무자가 다짜고짜 반말.)

그리고 또 조심해야할 점은 밑 다른 리뷰들에도 써있듯이 많이 먹은 테이블 실수 인척 아닌척 접시 중복 계산하는 점.",2024.04.07.,1,3.0,166,모범식당지정
갓텐스시강남,펭귄오리,큰맘 먹고 가서 돈 아끼지 말고 비싼걸로 골라드세요. 마음 깊숙한 곳에서 행복감을 느낄 수 있음. 오마카세보다 저렴(?)하지만 좋아하는 것만 골라서 배부르게 먹을 수 있다는 점에서 더 상위호환. 많이 먹기 위한 따뜻한 녹차는 필수. 하이볼은 상당히 실망스러웠음. 주말 저녁시간 1시간 웨이팅은 기본인듯.,2024.04.07.,4,4.0,49,모범식당지정
갓텐스시강남,go getter,"한접시에 7-8천원 하는 고급스시는 딱히 그 특별함을 모르겠음..
다음엔 점심 특선을 고를듯",2024.03.30.,2,3.8,126,모범식당지정
갓텐스시강남,J,"바 자리에 앉았는데, 여자 실장님이 만들어 주신 초밥에서 머리카락 나왔어요.

다신 안 갑니다.",2024.03.24.,1,1.0,5,모범식당지정
갓텐스시강남,타라꾸,"계산하기전에 접시 치우지 마세요
맞는지 확인해야되니깐
두번이나 오버해서 나온거같은데 많이 드신분들은 접시확인요망",2024.03.24.,3,3.8,60,모범식당지정
갓텐스시강남,.,"믿고 먹는 갓덴스시

스시 집중에 난 제일 맛있음
타 갓덴스시 지점들 보다 강남점이 제일 나음

가본 지점들은 잠실, 강남, 종각, 하남 신세계점",2024.03.24.,5,3.1,35,모범식당지정
갓텐스시강남,숭이,"웨이팅이 길지만 여기만한 초밥집이 없어요
회전율이 좋아서 그런가 신선하고 맛있어요ㅎㅎ👍
참치대뱃살, 중뱃살 맛있어요",2024.03.21.,5,4.2,5,모범식당지정
갓텐스시강남,삐약,갓덴스시 만한 회전초밥집이 없어요. 친구랑 초밥 땡기면 그 주말은 갓덴스시가는거야.,2024.03.19.,5,4.3,6,모범식당지정
갓텐스시강남,.-.,그냥그냥~~ 웨이팅이 너무 길다,2024.03.18.,3,2.0,2,모범식당지정
갓텐스시강남,ㅇㅅㅇ,갓! 덴스시 에요 가성비 안따지시면 바로 고고고,2024.03.17.,5,5.0,4,모범식당지정
갓텐스시강남,.,,2024.03.01.,2,4.0,21,모범식당지정
갓텐스시강남,..,,2024.02.28.,5,4.0,8,모범식당지정
갓텐스시강남,Angeleno✅,"런치 세트메뉴 인기 10p 세트 (13,900원) 시켰는데 회전초밥 접시당 가격에 비해 가성비있고 맛있었어요. 냉모빌/우동 선택할 수 있고 샐러드까지.

직원분들 친절하시고 좋았지만 언제나 사람이 많아서 웨이팅은 필수.",2024.02.19.,4,3.4,272,모범식당지정
갓텐스시강남,왜갑자기나아이디다시만들어야하냐고아ㅡㅡ,마싯어요 ,2024.02.17.,5,3.1,88,모범식당지정
갓텐스시강남,후기미제공=맛없음,"내가 예민할 수 있음! 맛은 4점 위생 0점.. 그래서 2점
비닐장갑낀 오른손으로 밥 쥐고 또 부탄가스 잡고.. 부탄까스 불질 할 때는 비닐장갑을 벗던 새로 바꿔주시는게 좋을듯.. 
내가 먹는 초밥이 부탄가스 잡은 .. 손에 밥이라니..
다 먹고나서 후회가 밀려왔음.. ",2024.02.15.,2,3.3,123,모범식당지정
갓텐스시강남,김태완,,2024.02.15.,5,4.3,30,모범식당지정
갓텐스시강남,ㄱㄴㄷㄹ,올때마다 만족스러운 식사 하고 갑니다,2024.02.14.,5,3.6,5,모범식당지정
갓텐스시강남,성원,,2024.02.12.,5,5.0,13,모범식당지정
갓텐스시강남,팔방소년,"참 애매하네. 맛있는것도 아니고 그렇다고 친절한것도 아니고, 가성비도 아니고...",2024.02.11.,3,2.7,93,모범식당지정
갓텐스시강남,박시현,,2024.01.29.,5,4.8,14,모범식당지정
갓텐스시강남,수박냠냠,참다랑어 대뱃살은 god,2024.01.26.,5,3.9,12,모범식당지정
갓텐스시강남,혜란,,2024.01.23.,4,3.3,8,모범식당지정
갓텐스시강남,쭈꾸쭈무,"스시가 맛있고 직원분들도 친절하세요
",2024.01.03.,5,3.6,17,모범식당지정
갓텐스시강남,🍔,"다른 회전초밥 가게에 비해 맛과 퀄리티 모두 준수함.
직원분들 모두 친절하게 안내해주셔서 좋음.
가성비가 좋다고 할 수는 없으나 나쁘지는 않음.
점심 저녁 시간대에는 웨이팅 있음.
그러나 웨이팅 해야할 수준의 맛집인지는 좀 애매함 ...",2023.12.30.,4,4.4,80,모범식당지정
갓텐스시강남,우잉,"혼자먹기 좋아요 친절하고
근데 줄 설 정돈가???
시간잘맞춰가면 줄 안서요",2023.12.21.,4,4.2,31,모범식당지정
갓텐스시강남,녕,강남 약속잡고 먹기 좋은 곳,2023.12.06.,3,3.8,39,모범식당지정
갓텐스시강남,N,,2023.12.01.,5,5.0,949,모범식당지정
갓텐스시강남,Hanjin,,2023.11.27.,5,5.0,2,모범식당지정
갓텐스시강남,밍찡찡,"대기엄청김 라스트오더21시라면서 실제로 20시가면 안받아주고 끝났다고함 대기없는데도 그럼 
치사해서 갈맘도 없어지게만듬 이럴거면 인터넷에서 그렇게 작성하지말지.....",2023.11.24.,1,3.8,27,모범식당지정
갓텐스시강남,이시유,맛도리,2023.11.22.,5,4.3,27,모범식당지정
갓텐스시강남,🥚,갓덴스시 강남점이 가장 맛있네요. 애매한 시간대에 가면 웨이팅 없이 먹을 수 있습니다.,2023.11.15.,5,3.5,49,모범식당지정
갓텐스시강남,아아,,2023.11.15.,4,3.5,137,모범식당지정
갓텐스시강남,뿌엥뿌엥,맛있습니다~ 자주 가는 곳이예요 ^^,2023.11.14.,4,3.9,249,모범식당지정
갓텐스시강남,김도하,가성비 회전초밥집 은근히 찾기힘든 준수한맛,2023.11.13.,5,3.6,83,모범식당지정
갓텐스시강남,-,,2023.11.13.,5,3.1,19,모범식당지정
갓텐스시강남,먹도리탕,"회전초밥집 치고 나쁘지 않은 퀄리티의 초밥집이에요!  혼밥하기에도 편안한 분위기이고 데이트하기에도 편안한 분위기입니다! 
식사시간에 방문하면 항상 웨이팅이 긴 식당이에요!! 
회전레일에 너무 많은 초밥이 올라가 있지 않고 원하는 메뉴 요청 드리면 빠른 시간안에 만들어주세요! 레일 위에 있는 초밥도 미처 못보고 주문해도 새로 만들어 주시는 정성이.. 감동입니당!
계속해서 신메뉴도 출시되고 나름 제철 메뉴가 나와서 신선한 느낌입니다!! 🥰 이번에는 특히 아귀간 단새우 감태초밥 맛있었어요!!! 
캐주얼하게 술마시고 밥먹기 좋은 식당입니다!!
점포수를 조금 늘려주셨으면 좋겠어욥...흐흣..
",2023.11.06.,4,3.8,58,모범식당지정
갓텐스시강남,맛있는곳만별점줌,,2023.11.05.,4,4.2,19,모범식당지정
갓텐스시강남,^ㅅ^,맛있는데 진짜 너무 시끄러움,2023.11.04.,4,3.5,4,모범식당지정
갓텐스시강남,빛,굿굿 다시 가고 싶은 곳,2023.10.26.,5,4.2,5,모범식당지정
갓텐스시강남,5점주면찐맛집,"점심 주인장세트 가장 가성비가 훌륭. 맥주도 깨끗하고, 접객이 기분좋다. 친절한 접객에 가격대비 뛰어난 스시면 충분하다. 잘되는 이유가 있는 곳이고, 그래서 자주 방문하는 곳. 매주 간다.",2023.10.25.,4,3.4,148,모범식당지정
갓텐스시강남,shin,굿 가성비로 무난한 스시가능,2023.10.15.,5,4.5,49,모범식당지정
갓텐스시강남,박상현,,2023.10.13.,5,5.0,3,모범식당지정
갓텐스시강남,키키,그냥 기본이에요~ 사시미를 너무 얇게떠줌&hellip;,2023.10.07.,3,3.0,46,모범식당지정
갓텐스시강남,moony,"일본 대표 회전초밥브랜드 '갓덴스시', 국내시장서 직영점 확장 눈길...
.안은선 기자",2023.09.20.,1,3.1,71,모범식당지정
갓텐스시강남,강정호,,2023.09.18.,5,4.5,13,모범식당지정
갓텐스시강남,김카비,기본에 충실,2023.09.13.,4,3.1,135,모범식당지정
갓텐스시강남,GeeNyang,여기 주방장 중 한명이 샤리 개크게 쥠;; 밥알이 320개가 아니라 500개는 되는듯...먹으려다가 밥 좀 덜어내고 먹음 그것과는 별개로 맛은 무난함,2023.09.12.,3,3.2,52,모범식당지정
갓텐스시강남,방문자,,2023.09.08.,3,3.1,105,모범식당지정
갓텐스시강남,맛집킬러,맛있는데 웨이팅 개많음,2023.09.08.,4,3.5,73,모범식당지정
갓텐스시강남,맛집좀가자,갓덴스시 만년 잠실점만 다닌 사람인데 모든 면에서 잠실점 보다 나음. 생선의 크기도 맛도 신선도도 잠실점 보다 좋고 테이블링으로 원격줄서기 도 가능한게 정말 편함. 이만한 가성비와 맛을 잡은 회전초밥 집은 갓덴스시 만한 곳이 없긴함. 이거 이상 원하면 오마카세 추천.,2023.09.07.,4,3.6,14,모범식당지정
갓텐스시강남,레몬,,2023.09.02.,5,4.0,5,모범식당지정
갓텐스시강남,불멍,자주가요 오도로 주도로 맛있고 대체적으로 맛있어요,2023.08.28.,5,4.7,22,모범식당지정
갓텐스시강남,rosies,"웨이팅은 갈때마다 긴데
그래도 항상 기다려서 먹고싶더라고요ㅎㅎ
다들 친절하셔서 좋아요",2023.08.22.,5,4.0,28,모범식당지정
갓텐스시강남,이지현,스시값은 스시집 평균보단 비싼편인데 돈값합니다👍 여자 둘이 가서 스시 몇그릇을 먹었나 몰라요😆 그전에 옆건물 맥날서 버거먹고 왔는데 안먹었으면 몇접시 더 먹고 파산했을듯요❤️ 넘넘 맛나고 잘먹어서 담에 또 방문하려고요!! ,2023.08.15.,5,4.8,21,모범식당지정
갓텐스시강남,찌네,"맛, 친절, 가격 모두 괜찮았어요
재방문의사 있슴다",2023.08.09.,5,4.4,34,모범식당지정
갓텐스시강남,ㅇㅇ,메뉴 싹 바뀐듯 그래도 맛잇음 ,2023.08.09.,5,4.4,308,모범식당지정
갓텐스시강남,날아라고양이,"주말저녁이라 조금 일찍 5:30 도착하니 앞에 3팀. 대기 20분쯤하고 넉넉하게 테이블에서 식사했어요. 
언제가도 친절하고 빠른 응대 좋았구요. 워낙 회전이 빨라 스시 퀄리티도 훌륭했습니다. ",2023.08.06.,5,3.0,4,모범식당지정
갓텐스시강남,둥동,맛은 좋은데 가성비가 ㅎㅎ;;,2023.07.30.,3,4.0,15,모범식당지정
갓텐스시강남,CEO,,2023.07.28.,5,4.4,10,모범식당지정
갓텐스시강남,예삐,,2023.07.28.,3,3.9,27,모범식당지정
갓텐스시강남,뚠뚠,맛있었어요~ 종류는 좀 더 다양하게 올라왔으면 좋겠어요,2023.07.25.,4,4.5,2,모범식당지정
갓텐스시강남,상엽,,2023.07.22.,5,3.5,8,모범식당지정
갓텐스시강남,MINA,넘 맛있어요ㅠ 타이밍 잘 맞춰가면 웨이팅 전혀 안하고 들어갈 수 있어요! 직원분들도 너무 친절하십니다. ,2023.07.22.,5,4.2,10,모범식당지정
갓텐스시강남,수풀,비싸지만 나름의 맛은 있음,2023.07.21.,4,4.2,14,모범식당지정
갓텐스시강남,.,비싸지만 맛은 있다. ,2023.07.10.,4,3.4,59,모범식당지정
갓텐스시강남,맛있는곳만,가격빼고는 항상 만족,2023.07.08.,5,3.6,98,모범식당지정
갓텐스시강남,아오지탄광,확실히 예전보다 많이 약해짐,2023.07.07.,2,2.4,34,모범식당지정
갓텐스시강남,먹콩,,2023.06.28.,5,4.8,13,모범식당지정
갓텐스시강남,빅아일랜드,,2023.06.25.,5,5.0,33,모범식당지정
갓텐스시강남,마수술수리,"금요일 저녁 웨이팅 너무 심했지맘.. 맛있었습니다
유일한 단점은 비싼 것..",2023.06.25.,5,4.3,190,모범식당지정
갓텐스시강남,맛있는게좋아,"초밥 생각나면 무조건 여기로 와요&gt;_&lt;
웨이팅이 늘 길지만,, 신선해서 그런지 하나같이 입에서 녹아서 기다릴 수 있습니다ㅎㅎ (오도로 꼭드세여)",2023.06.25.,5,4.3,53,모범식당지정
갓텐스시강남,성호,가격대비 퀄리티 좋음. 특히 계란초밥은 여기보다 맛있는데를 잘 못봄. 오마카세가도 계란초밥은 여기랑 비교됨..,2023.06.18.,5,3.5,41,모범식당지정
갓텐스시강남,Camila,,2023.06.17.,5,5.0,2,모범식당지정
갓텐스시강남,밀로,회전하는 놈으로 잡아서 먹어보십쇼.. 맛은 머 기절!!,2023.06.15.,4,4.0,118,모범식당지정
갓텐스시강남,Daniel,"여기 맛있네요 ㅋㅋㅋㅋ 근데 가격이 좀...
접시당 4500원이라 생각하고 가심 됩니다",2023.06.08.,4,4.4,73,모범식당지정
갓텐스시강남,Mia,,2023.06.08.,5,3.5,51,모범식당지정
갓텐스시강남,유현주,"직원들 친목이 너무 심해요
음식맛은 좋습니다",2023.06.08.,4,4.6,136,모범식당지정
갓텐스시강남,김이원(Ion Kim),,2023.06.07.,5,5.0,2,모범식당지정
갓텐스시강남,맛집찾아가는진돗개,"가성비 안좋음(솔직히 이정도면... 그냥 다른 초밥집이랑 비슷한 듯..맛에 비해 가격이 많이 비싼 회전초밥)
주차는 대체 어디다 하죠???? 
직원들이 친절하고, 분위기가 좋은 것 말고는 아쉬움.",2023.05.31.,1,3.7,261,모범식당지정
갓텐스시강남,토마토맛토,진짜 맛있음... ｡&deg; ૮₍&deg;&acute;ᯅ`&deg;₎ა &deg;｡,2023.05.25.,5,4.2,50,모범식당지정
갓텐스시강남,신지현,,2023.05.23.,5,4.6,7,모범식당지정
갓텐스시강남,fxyyyy,Both sushi and service were excellent! I loved it.,2023.05.22.,5,4.0,23,모범식당지정
갓텐스시강남,행복한 물범,"또 가고 말겁니다 전 반드시 또 갈겁니다
",2023.05.22.,5,4.6,40,모범식당지정
갓텐스시강남,맛도리감별사K,"강남역 제일의 초밥집임
뭘로 먹어도 맛있어요",2023.05.19.,5,4.6,96,모범식당지정
갓텐스시강남,마라,회전초밥집 퀄리티가 아니네요 너무너무 맛있어요 일본에서 비슷한 가격대 식당에서 먹은 것보다 맛있었음,2023.05.18.,5,4.2,47,모범식당지정
갓텐스시강남,냠굿,"정말 친절하시고 초밥도 맛있는데, 카운터에서 초밥을 만드시는 분들이 웨이팅이 많다고 계속 투덜거리면서 홀 직원에게 웨이팅이 몇명이나 묻고, 그 인원 만큼 단두대(?)에 달라는 말을 너무 잘 들어버렸네요.. 장난인거 알고, 위생상 문제 없이 마스크도 끼고 계셨고, 직원끼리 수다떨지 말라는건 당연히 아닌데.. 입 조심하세요, 다 들려요..",2023.05.13.,2,3.2,30,모범식당지정
갓텐스시강남,얌얌,웨이팅 진짜 길엇지만 .. 그래두 맛있었어요 !!! 선택장애에겐 런치세트가 꿀입니다,2023.05.11.,5,4.6,44,모범식당지정
갓텐스시강남,누네띠내,맛있어요 ㅎ 실패없음,2023.05.09.,4,3.5,42,모범식당지정
갓텐스시강남,구아링,,2023.05.07.,5,4.9,18,모범식당지정
갓텐스시강남,정예린,맛있어욤,2023.05.07.,4,4.3,405,모범식당지정
갓텐스시강남,히히,참 맛잇어유 웨이팅이 너무 길다는게 단점...ㅠㅠ,2023.05.06.,5,5.0,24,모범식당지정
갓텐스시강남,feel,무난하다,2023.04.04.,3,3.8,87,모범식당지정
갓텐스시강남,민,,2023.03.28.,5,3.7,119,모범식당지정
갓텐스시강남,Shin,,2023.03.28.,5,4.3,11,모범식당지정
갓텐스시강남,ㄱㄷㅎ,,2023.03.20.,4,3.4,83,모범식당지정
갓텐스시강남,박상혁,그냥 흔한 회전초밥 퀄리티. 굳이 웨이팅 할 필요는 없을듯.,2023.03.19.,3,3.7,6,모범식당지정
갓텐스시강남,먛,아무리 강남이라지만 가격대비 맛은 딱히..,2023.03.15.,2,3.9,43,모범식당지정
갓텐스시강남,냠냠이,평일 점심에 여자 직원들이 만드는거 밥 양이 너무 많아요. 깜짝 놀랐네요... 갈수록 질이 떨어지는 것 같아서 안타까워요.,2023.03.03.,3,3.8,371,모범식당지정
갓텐스시강남,meow,"웨이팅이 극악이지만 시간 잘 맞춰가면 갓벽 
한국에서 스시는 갓덴이 가성비, 맛 모두 평타 이상이라 넘 좋아요",2023.03.02.,5,3.7,45,모범식당지정
갓텐스시강남,심정욱,"강남에서 뭐 맛있는걸 먹어본 기억이 별로 없는데, 내 기준 정말 가성비좋고 맛있었다. 미식가가 아니라서 싼거도 주문해서 먹고 비싼건 레일에서 집어먹었는데 퀄리티가 다 너무 좋았음. 와규도 맛있고 생선류도, 계란이나 유부도 다 맛있었다. 재방문의사 58000%",2023.02.28.,5,5.0,1,모범식당지정
갓텐스시강남,나인,이 정도면 솔직히 일본에 스시 먹으러 갈 필요 없지요. 롤 같은 건 없는 진짜 스시집입니다.,2023.02.27.,5,3.2,74,모범식당지정
갓텐스시강남,브라운,,2023.02.22.,5,3.7,43,모범식당지정
갓텐스시강남,Teheran1031,,2023.02.21.,4,3.7,519,모범식당지정
갓텐스시강남,K,"웨이팅이 항상 길지만,,,
핸드폰 보고 옆에 다이소 구경하다 보면 시간 잘가욥

좁지만 주차자리도 있고,, 직원들도 일 잘하고 친절,, 여기서 일하기 힘드실 것 같다는 생각 들었어요 너무 바빠서,,

저는 오마카세보다 제가 골라먹을 수 있는 갓덴스시가 더 좋아요... 맛도 그냥 갓덴스시가 제 타입,, 머 오마카세도 맛있는 곳은 맛있지만,, 

무튼 또 먹고싶네요🥹

There's always waiting here but it's worth it.
It's small but there's also a parking lot.

You can choose what you want to have. Also, the staffs are so friendly and professional. 

Highly recommend this sushi place if you are planning to visit Gangnam :)",2023.02.19.,5,3.7,88,모범식당지정
갓텐스시강남,뷁뷁,,2023.02.19.,5,4.2,49,모범식당지정
갓텐스시강남,happines,괜찮아요,2023.02.09.,4,4.0,6,모범식당지정
갓텐스시강남,쩝쩝,"친절하고 맛있음 
웨이팅이 긴 것빼곤 좋아요",2023.02.08.,5,3.8,5,모범식당지정
갓텐스시강남,-,,2023.02.07.,4,4.3,137,모범식당지정
갓텐스시강남,유지원,"너무너무 맛있어요ㅠㅠ
기다리는게 안아깝네요",2023.02.06.,5,4.9,18,모범식당지정
갓텐스시강남,dlqnwkd,조아여,2023.02.04.,5,4.1,33,모범식당지정
갓텐스시강남,정선,"직원분들이 딱 적당히 친절합니다. 너무 좋아요. 고기류보다 생선류 초밥이 훌륭하고, 사이드로 시킨 안주도 떨어지지 않습니다. 후기 잘 안쓰는데 강남 유일의 맛집이네요. 강추합니다.",2023.02.01.,5,3.7,9,모범식당지정
갓텐스시강남,박정민(Jungmin Park),긴말이 필요 없어요. 맛있습니다.,2023.01.31.,5,4.4,18,모범식당지정
갓텐스시강남,ㅇ,,2023.01.28.,5,4.4,26,모범식당지정
갓텐스시강남,쉿,10년 단골이에요. ,2023.01.11.,5,3.9,62,모범식당지정
갓텐스시강남,blueprint,웨이팅이 좀 길었고 나머진 쏘쏘,2023.01.04.,4,3.6,404,모범식당지정
갓텐스시강남,02,,2022.12.27.,4,4.3,20,모범식당지정
갓텐스시강남,노는게 제일 져아,낫배드 갓덴,2022.12.27.,3,3.8,41,모범식당지정
갓텐스시강남,정효주,,2022.12.20.,5,5.0,1,모범식당지정
갓텐스시강남,마리오빠,,2022.12.17.,5,4.4,377,모범식당지정
갓텐스시강남,은하철도,"갓덴스시 매장 다른곳도 가봤는데 강남점이 제일 나은듯 합니다. 스시 종류나 선도, 맛까지 아주좋았고 
오도로, 주도로가 특히 인상적이었네요
서울 시내에선 삼성동 스시히로바와 투탑일듯 합니다.
단점이라면 대부분의 맛집이 그렇듯 웨이팅이 너무 길다는거ㅎ",2022.12.17.,5,3.9,23,모범식당지정
갓텐스시강남,고롱,맥주 한잔이랑 같이 먹으니까 딱 좋아요! 초밥도 많이 느끼하지 않고 갈끔해서 맛있고 무엇보다 직원분들이 친절해서 너무 좋습니다! 겨울시즌 특별메뉴도있으니 더 더 좋고요!,2022.12.17.,4,4.3,3,모범식당지정
갓텐스시강남,치로리,맛있어요. 회전초밥도 이정도 퀄리티가 가능하구나를 느꼈습니다~,2022.12.15.,4,3.6,325,모범식당지정
갓텐스시강남,맛탐기절,맛잇네요,2022.12.15.,4,3.7,326,모범식당지정
갓텐스시강남,염진호,"맛있다... 그치만 가격이 살짝 사악하다...
너무 맛있어서 잘못하다간 큰일날 수 있어서 4점이에요",2022.12.10.,4,3.6,30,모범식당지정
갓텐스시강남,sh,가본 곳 중에선 유일하게 강남역 인근에서 돈값하는 식당,2022.12.10.,5,3.5,22,모범식당지정
갓텐스시강남,하이롱,샤리는 자극적이지 않아서 괜찮은데 벌레 날아다니다 초밥에 붙는 거 보고 난 별로. 초밥 맛 자체는 평범,2022.12.10.,3,3.4,182,모범식당지정
갓텐스시강남,객관안,"맛  중상
우리나라 회전초밥집들 수준에 비하면 월등히 낫다..
",2022.11.29.,4,3.6,237,모범식당지정
갓텐스시강남,옴뇸뇸,흡입흡입,2022.11.13.,5,3.9,177,모범식당지정
갓텐스시강남,ROSSO,"불닭소스에 두부튀긴 초밥 진짜 맛있음
스무살 한창 방황하던 때에 은인이 데려가 준 곳이라
가끔 혼자 가면 추억에 잠기기에
5점 아래 점수를 줄 수가 없어 5점을 줬지만
종종 가성비 떨어지는 초밥들이 있긴 함 ㅎ",2022.11.03.,5,3.6,269,모범식당지정
갓텐스시강남,붕어빵,갓덴스시 지점 중 가장 맛있는거같아요,2022.11.01.,5,3.6,451,모범식당지정
갓텐스시강남,재원,눈물 나오는 맛. 가격 . 내 카드내역,2022.10.27.,5,3.9,14,모범식당지정
갓텐스시강남,하구미,"회식으로갔는데 퀄리티좋은 곳
맛도 굿 ",2022.10.18.,5,4.2,5,모범식당지정
갓텐스시강남,휘겔,강추,2022.10.14.,5,4.1,16,모범식당지정
갓텐스시강남,6k,점심회식으로 갔는데 만족.. 또 가고싶어요.,2022.10.13.,4,4.0,113,모범식당지정
갓텐스시강남,고독한미식가,회는 맛있는데 묵은지가 좀 별로..,2022.10.09.,4,4.1,128,모범식당지정
갓텐스시강남,햄찌,쪼끔 가격대가 있긴하지만 퀄리티가 타 회전처밥집과는 비교불가인것같아요 뜨거운 녹차가 없던게 아쉬웠네요 가라아게 최고에요,2022.09.23.,4,4.3,203,모범식당지정
갓텐스시강남,“,,2022.09.23.,5,3.7,134,모범식당지정
갓텐스시강남,Clare,무난! 웨이팅 언제나 있음,2022.09.22.,4,2.7,34,모범식당지정
갓텐스시강남,빵커피러버,초밥들이 신선하고 맛있어요,2022.09.17.,5,4.1,232,모범식당지정
갓텐스시강남,대대,"웨이팅은 평일 점심기준 최소 15분-20분 이었고, 맛은 무난했어요 다만 그렇게 종류가 많지않은것에 4점/5점",2022.08.22.,4,3.5,6,모범식당지정
갓텐스시강남,Pablo,"소문난 집이지만 먹을 게 많습니다. 단, 웨이팅 감당 되시는 분들만 가세요",2022.08.16.,4,4.5,143,모범식당지정
갓텐스시강남,thwn40,샤리가 그냥 떡임,2022.08.06.,2,2.2,6,모범식당지정
갓텐스시강남,짱구,,2022.08.04.,5,4.7,75,모범식당지정
갓텐스시강남,k.h,"친절, 맛은 보통 참치는 별로였다",2022.07.17.,4,4.2,6,모범식당지정
갓텐스시강남,Y,,2022.07.10.,3,3.7,93,모범식당지정
갓텐스시강남,H,"단골이에요! 정말 가성비 회전초밥 맛집입니다.
초밥 종류가 이렇게 많은 곳은 처음이에요.
직원분들의 팀워크가 너무 좋네요~~

마감시간 다가올 때는 가지 마세요!
주문할 수 있는 시간이 정말 짧아요",2022.07.03.,5,3.9,49,모범식당지정
갓텐스시강남,j2,"가성비 좋고 정말 맛있어요!! 종류도 엄청 많아서 좋아요

연어마요 연어뱃살 광어묵은지 추천해요! 직원분들도 친절해요 ",2022.06.26.,5,3.5,11,모범식당지정
갓텐스시강남,fami,가끔씩 가는데 맛있는편 ,2022.06.25.,5,5.0,9,모범식당지정
갓텐스시강남,형이 맛있다면 맛있는거다,"국내에서 제일 일본스시집 같은곳
또갔고 또갈집",2022.06.13.,5,4.1,143,모범식당지정
갓텐스시강남,이지수,,2022.06.11.,5,4.0,8,모범식당지정
갓텐스시강남,꽃봄하루,"테이블링으로 예약하는 곳
순환 빠르고 전반적으로 친절합니다.
맛도 있고 단골이 많다보니 변주도 즐기는듯.
(이번에는 감태특집을 하네요)
'터칭'으로 쿠폰도 쏠쏠하니 꼭 챙기세요.",2022.06.05.,5,4.4,79,모범식당지정
갓텐스시강남,요한군,갓뎀... 장어 초밥 드세요 ^^ ,2022.06.05.,4,3.4,126,모범식당지정
갓텐스시강남,🍣,웨이팅이 길긴 하지만 직원분들도 친절하시고 초밥도 맛있습니다. 그리고 원하는거 주문하면 금방 만들어주십니다.,2022.06.03.,5,3.5,10,모범식당지정
갓텐스시강남,이재창,가지마세요 그냥. 말이 필요 없슴다. 가지마세요,2022.05.25.,1,1.0,3,모범식당지정
갓텐스시강남,맛잘알소식좌,"주말 11시 반에 갔는데 앞에 웨이팅 7팀 있었고, 15분 정도 기다려서 들어갔습니다.
초밥은 가격이 좀 있는 편이지만 맛있어요!",2022.05.22.,4,3.5,321,모범식당지정
갓텐스시강남,박준수,말이 필요없다. 무조건 ㄱ,2022.05.17.,5,4.4,56,모범식당지정
갓텐스시강남,맛점해,"맛잇는 초밥집
늘 사람이 많아
웨이팅해야하는게 단점",2022.05.06.,5,2.9,32,모범식당지정
갓텐스시강남,릿짱,"평일에도 웨이팅 장난아닙니다
맛은 무난해요 가격은 비싼편이고
가짓수가 많아서 좋아요 서비스 응대도 좋고",2022.05.04.,4,4.2,29,모범식당지정
갓텐스시강남,水滴穿石 繩鋸木斷,맛 퀄리티....광화문 동해도와 별반 차이 없음. 가격대라면 맘껏 취사선택가능한 동해도 선택하겠음,2022.05.04.,3,3.5,378,모범식당지정
갓텐스시강남,민영,"사람 넘 많아서 아쉽지만 맛은 있습니다 ㅎㅎ
둘이 가면 십마넌은 뚝딱 넘기는듯",2022.04.24.,4,3.9,127,모범식당지정
갓텐스시강남,냐냐,"프랜차이즈 초밥집 중에서 가장 맛있었던 집!!
초밥 위에 올라가는 생선 굉장히 질이 좋고 큼

다만 가격이 너무 사악해서
몇 접시 안 먹었는데도
일 인당 20,000원 이상 훌쩍 나옴...

그리고 최악의 단점이라면....
제발 초밥 접시 올릴 때 한꺼번에 뭉탱이로
같은 종류로 올리지 좀 말아줬음....
무슨 연이어서 같은 초밥을 7~10개씩 올려놓고
메뉴판의 초밥 종류는 거의 100개 가까이 되는데
실질적으로 올라오는 초밥 종류는
진짜 많이 쳐줘도 20개가 안 됨

주문하면 만들어주기는 하지만
매번 요청하기도 미안하고...
좀 다양하게 여러 가지 섞어서 올려줬으면 좋겠음
제발...",2022.04.08.,3,3.2,70,모범식당지정
갓텐스시강남,지나가는행인,"220323
웨이팅이 넘 길어요 ㅠㅠ
맛은 있지만 가격이 사악하긴 한 듯..
둘이서 10만원 채우고 나왓음",2022.04.05.,4,4.2,32,모범식당지정
갓텐스시강남,너나나,맛있다 ,2022.03.27.,5,4.4,92,모범식당지정
갓텐스시강남,실란이,"결제할때 가격이 제가 생각한가격과 달라서 뭐지했는데 가게에선 아직 예전 매뉴판을 쓰시더라구요
그래도 맛있어서 기분좋게 계산하고왔어요",2022.03.07.,4,2.3,8,모범식당지정
갓텐스시강남,조우찬,만족합니다.,2022.03.06.,5,4.6,11,모범식당지정
갓텐스시강남,걍이,,2022.02.23.,4,4.8,5,모범식당지정
갓텐스시강남,ㅌㅇ,배불러요,2022.01.30.,5,3.7,3,모범식당지정
갓텐스시강남,그린,,2022.01.20.,5,5.0,11,모범식당지정
갓텐스시강남,E,맛은 나쁘지않은데 홀직원분들이 불친절,2022.01.10.,3,4.1,146,모범식당지정
갓텐스시강남,모미,전반적으로 맛있고 분위기도 좋은 데 웨이팅이 너~~무 길어요 ㅠㅠㅎㅎ,2021.12.29.,4,3.3,16,모범식당지정
갓텐스시강남,이호,,2021.12.06.,4,4.0,1,모범식당지정
갓텐스시강남,웽,,2021.11.05.,5,4.2,19,모범식당지정
갓텐스시강남,예아,나쁘지 않게 먹었어요! 직원들도 친절쓰,2021.11.01.,3,3.3,302,모범식당지정
갓텐스시강남,부리,"맛있어서 자주가요!!
추천추천
흰생선 조아하는데 사르르 녹아요",2021.10.29.,5,5.0,2,모범식당지정
갓텐스시강남,Kang,그냥 보통 초밥집 ,2021.10.26.,4,3.5,136,모범식당지정
갓텐스시강남,휴흇휴,"평일 14시 1,2팀 웨이팅 있을 시간.
레일 위에 초밥도 너무 없고, 말해도 늦게 만들어 줌.

갓덴 매장 중에서는 제일 맛있어서 웨이팅해서라도 종종 먹었었는데 맛도 너무 평범해짐.

왜인지 와규 구이 초밥는 20초안에 빨리 갖다 주는데 고기가 미지근함... 어디 렌지에 데운 느낌.

전체적으로 너무 실망했어요ㅠ
",2021.10.25.,2,2.8,42,모범식당지정
갓텐스시강남,신림동 역세권 주민,"맛있고 깔끔해요 ^^
사람 엄청 많아요",2021.10.22.,5,3.4,950,모범식당지정
갓텐스시강남,haha ha,"음&hellip; 가격 대비 너무 별로&hellip;&hellip;&hellip; 
웨이팅한 시간 너무 아깝&hellip;
돈 너무 아깝&hellip;
",2021.10.04.,2,3.6,50,모범식당지정
갓텐스시강남,김하늘,,2021.09.28.,5,4.3,6,모범식당지정
갓텐스시강남,쨥짭,,2021.08.21.,5,4.0,69,모범식당지정
갓텐스시강남,슉슉,"넓고 쾌적해서 좋아요 직원분들 친절하시구!
파튀김연어 쫀맛,, 청어는 조금 비렸음 ㅠㅠ
처음 가봤는데 다음에 또 가고싶어요 줄만 안선다면,,",2021.08.04.,5,3.9,57,모범식당지정
갓텐스시강남,우연,"여기에서는 다른 평범한 횟집보단 회들을 좀 더 업그레이드 된 버전으로 맛볼 수 있었고 물론 그만큼 가격이 값싸진 않았습니다.
하지만 저는 회를 사랑하는 사람으로선 정말 만족스러웠습니다.
저는 참치 5종, 붉은생새우, 연어뱃살, 와규타타키, 간장새우, 찐 전복, 타코와사비군함을 먹었던 걸로 기억하는데 참치 5종, 연어뱃살은 꼭 드셔보시길 바랍니다. 
와규타타키는 호불호가 갈릴듯하고 찐 전복은 그닥 추천하진 않습니다.
참치 5종말고 단품으로 드시길 원한다면 오토로초밥과 참다랑어 중뱃살은 꼭 드시길 추천드립니다. (오토로 초밥은 입에 넣었을 때 기름기가 은은하게 뿜어져나오며 부드러웠고, 참다랑어 중뱃살은 정말 입에서 사르륵 녹았음)",2021.08.04.,5,3.8,20,모범식당지정
갓텐스시강남,@jxnnyqim,"무지 맛있어요 !
제가 먹은 것 중에 계란말이 초밥이 특히나 맛있었어요
가격도 저렴한 편이고 분위기도 좋고
사람 많아서 회전 빨라 초밥도 신선한 것 같고
앞으로 자주 갈 듯요 ㅋㅋ",2021.07.26.,5,4.4,428,모범식당지정
갓텐스시강남,💗,"일부러 웨이팅 피하려고 3시에 갔는데도 비엄청오는 날인데도 웨이팅 했네요 40분 정도?? 
너무 맛있어요. 가격도 나쁘지 않은 것 같아요",2021.07.19.,5,3.7,83,모범식당지정
갓텐스시강남,할미,여기가 최고입니다  이랏샤이맛세,2021.06.25.,5,4.0,62,모범식당지정
갓텐스시강남,안고독한호주쿼카,강남점이 유난히 맛있는거같긴하네요. 가격대는 좀 나가지만 강남인거치면 감수할만합니다,2021.06.19.,5,4.0,68,모범식당지정
갓텐스시강남,호연,,2021.06.16.,5,4.3,19,모범식당지정
갓텐스시강남,맛있는 곳만 가서 평균 높음,"갓덴스시 여러 지점을 가봤지만

강남점이 최고인것 같습니다!!

점심 저녁으로 웨이팅이 항상 있을 정도로 인기가 많은게 단점이지만,

그만큼 회전율이 빨라 신선한 초밥들이 나온다는게 장점입니다!!

 회전초밥집들 중에 올라온 초밥들이 말라있는 곳도 상당히 많으니까요.

특히 새우 초밥들이 굉장히 퀄리티가 좋았습니다

단, 양념게장군함은 비추천합니다~~
새우 초밥 하나 더 드세요~~~",2021.06.12.,5,4.0,51,모범식당지정
갓텐스시강남,ㅇㅇ,사이드메뉴도 초밥도 맛있어요 ,2021.05.05.,5,3.4,42,모범식당지정
갓텐스시강남,Super76Man,,2021.04.24.,3,3.5,64,모범식당지정
갓텐스시강남,민정입니다,그냥 최고 갓덴은 믿고 먹어요 굳굳,2021.04.17.,5,4.9,9,모범식당지정
갓텐스시강남,쿠키,배부르게 먹고나면 계산서보고 놀라지만 ^^... 맛있어요,2021.03.24.,5,4.3,32,모범식당지정
갓텐스시강남,먹둥이,최고ㅜㅜ,2021.03.07.,5,3.8,434,모범식당지정
갓텐스시강남,쩝,연어뱃살이진짜최고 입에서녹는다는게이런거구나싶음,2021.02.17.,5,3.8,58,모범식당지정
갓텐스시강남,MrVin,,2021.01.15.,3,4.2,91,모범식당지정
갓텐스시강남,"     👒
  👂👀👂
 ",최고,2021.01.10.,5,1.7,46,모범식당지정
갓텐스시강남,➕,맛있어요 간이 좀 았는편,2020.11.27.,4,3.5,53,모범식당지정
갓텐스시강남,0,다른 지점보다 싱싱하고 맛남,2020.11.14.,5,3.6,70,모범식당지정
갓텐스시강남,맛있으면 멍멍,,2020.10.31.,4,3.4,100,모범식당지정
갓텐스시강남,김진영,"다른지점보다 맛있어서 먼길이지만 항상 강남점으로옵니다.
오늘은 2명이서 13만원치 먹었네요^^;
다만 조금 짜서 그런지 집에와서 물 1리터 넘게 마셨어요",2020.10.24.,4,2.9,8,모범식당지정
갓텐스시강남,둥실둥실,금요일 저녁 오랜 대기 끝에 먹었지만 맛있게 잘먹었습니다. 참다랑어 대뱃살..7700원에 두 피쓰인데 아주 맛있네요. 튀김류도 만족스러웠습니다. 직원분들이 친절하시고 적극적으로 응대해주셔서 편안하게 식사했습니다. 감사드립니다.,2020.10.23.,5,4.3,18,모범식당지정
갓텐스시강남,발걸음,"기본이 안된 초밥집. 생선두께, 와사비, 밥량 전부다 제각각. 초밥뷔페 수준. 조리사가 주문서 만진 손으로 초밥 쥐는거 여러번 보고 토할뻔.",2020.10.08.,1,1.6,65,모범식당지정
갓텐스시강남,바바비,"100% 일본자본금 ㅎㅎ
일본에 매장 백여개 성업중인 프렌차이즈
불매운동중인데ㅡ여긴 맛있어서인지
줄을 한시간 서서 머금 
",2020.10.05.,1,1.6,245,모범식당지정
갓텐스시강남,짱성,,2020.09.14.,5,5.0,5,모범식당지정
갓텐스시강남,서재원,가격대비 맛 최상이라 생각합니다ㅎㅎ ,2020.09.10.,5,5.0,19,모범식당지정
갓텐스시강남,yu,비싸지만 괜찮은 맛,2020.08.12.,4,3.9,371,모범식당지정
갓텐스시강남,솔직리뷰,지금까지 먹은 스시 다 가짜임. 여기꺼 먹어보면 흔하게 찾을 수 있는 스시들에게 배신감 느낌ㅋㅋㅋㅋㅋㅋㅋ 암튼 맛있어요! 새우튀김도 꼭 먹어보세요,2020.08.11.,5,3.9,90,모범식당지정
갓텐스시강남,면,,2020.08.08.,4,4.5,20,모범식당지정
갓텐스시강남,갈색여우,,2020.07.25.,5,3.5,24,모범식당지정
갓텐스시강남,선녀가나묶음,갓뎀??,2020.07.21.,1,3.9,151,모범식당지정
갓텐스시강남,냠,"3.5점

그냥 스시 먹으러 가서 스시 잘 먹고 온 정도
강남이라 사람이 너무 많았던 것 같음
그래도 잘 먹었으니 괜찮았음",2020.06.17.,3,4.6,145,모범식당지정
갓텐스시강남,뚜밥,"정신없고 그다지 특별하단 느낌없음
한번간걸로 족함
서비스 그냥저냥",2020.06.12.,1,1.5,79,모범식당지정
갓텐스시강남,맛집맨,"한국에서 맛볼수 있는 일본의 맛.
가격은 비싸지만 그에 맞는 퀄리티와 친절함 때문에
한 달에 한 번은 찾는 곳.",2020.05.18.,5,5.0,13,모범식당지정
갓텐스시강남,냠냠,맛있어여 트러플오일 새우 맛있어요 그리고 이름까먹었는디 이거 알 통통하고 맛있어용 ~,2020.05.07.,5,4.6,40,모범식당지정
갓텐스시강남,똑똑,종업원들 왜 그렇게 소리를 지르는지.... 조용히 대화 나누기엔 불가능한 곳. 분위기가 시장판 같아요,2020.04.27.,3,2.7,29,모범식당지정
갓텐스시강남,최악 최고 일때 리뷰남기는,초밥이 살살녹습니다 진짜 잘되는 이유가 있습니다,2020.04.15.,5,2.8,26,모범식당지정
갓텐스시강남,silly123,맛잇어요 근데 줄이좀기네요 ㅎㅎㅎ,2020.04.09.,3,3.3,3,모범식당지정
갓텐스시강남,@,회전초밥집 중 쵝오,2020.04.06.,5,3.7,170,모범식당지정
갓텐스시강남,.,맛은 둘째치고 서비스가 진짜 좋음 아 그렇다고 맛없는건아니고 일단 서비스 오짐,2020.03.28.,5,2.6,85,모범식당지정
갓텐스시강남,^0^,"저렴한 가격에 회전초밥을 즐길 수 있는 곳
회전율도 높은 편이고 모든 초밥이 평타이상이다
남녀 둘이서 배부르게 먹어도 4만원대에 해결할 수 있다
맛은 평범하지만 가성비를 따지면 정말 괜찮은 곳
타이밍을 잘못 맞춰가면 한시간 대기는 감수해야한다",2020.03.23.,4,3.8,52,모범식당지정
갓텐스시강남,이윤서,,2020.03.16.,5,5.0,1,모범식당지정
갓텐스시강남,.,가격에 비해 별로임 가지마세요,2020.03.07.,1,1.0,2,모범식당지정
갓텐스시강남,상우👱‍♂️,"예전에 자주갔던 가성비 좋았던 스시집
요샌 워낙 맛있는 스시집이 많아서 잘 안가게됨",2020.01.16.,3,3.6,626,모범식당지정
갓텐스시강남,B,,2020.01.09.,4,3.3,99,모범식당지정
갓텐스시강남,JH,,2019.12.25.,5,3.7,3,모범식당지정
갓텐스시강남,먹기위해사는사람,,2019.12.02.,4,3.3,855,모범식당지정
갓텐스시강남,박미나,자주먹지만 역시나 맛있음,2019.12.02.,4,4.7,7,모범식당지정
갓텐스시강남,햄쥐,"최근 간 초밥집중 제일 맛있었어용. 웨이팅이 길긴했지만
그만큼 값어치를 했던거같아유 ㅎㅎㅎ",2019.09.23.,5,3.0,59,모범식당지정
갓텐스시강남,yebbi,맛있어요! 직원분들이 너무 친절하셔서 인상깊어요,2019.08.29.,4,3.4,38,모범식당지정
갓텐스시강남,.,맛있는 초밥 골라먹으면 괜찮아요 일부 노맛이 있어서 하나 뺌,2019.08.26.,4,3.7,30,모범식당지정
갓텐스시강남,최민근,"전체적으로 맛있고 가성비도 괜찮았어요 !
직원분들도 다들 친절하셨습니당",2019.08.18.,4,3.7,7,모범식당지정
갓텐스시강남,wpj,"런치특선 극강의 가성비 맛도최고에요

가게 분위기는 시끌시끌

예민하신분들은 좀 산만하다고 느끼실듯",2019.08.13.,5,4.6,26,모범식당지정
갓텐스시강남,골든보이,일본 ㅡ.ㅡ,2019.08.09.,1,2.3,18,모범식당지정
갓텐스시강남,백종환,가쥐먀새효 잉봉싞댱,2019.08.08.,1,3.6,25,모범식당지정
갓텐스시강남,.,ㄱㅈㅁ,2019.07.30.,5,3.8,77,모범식당지정
갓텐스시강남,죠,영어로 추천할께요. Really good sushi. Recommend this. Plus the conveyor belt is fun!  ,2019.07.20.,5,4.3,9,모범식당지정
갓텐스시강남,잘살러,친절하고 맛있어요,2019.06.29.,4,4.2,51,모범식당지정
갓텐스시강남,hj,,2019.05.27.,5,3.9,228,모범식당지정
갓텐스시강남,준,"맛있고 신선해요
밥에있는 조미료때문에 끝맛이 조금 느끼한것 빼곤 좋아요",2019.05.04.,4,3.1,7,모범식당지정
갓텐스시강남,SH,"맛있어요. 근데 주문을 빨리 빨리 안 받아줘서, 초밥 기다리다가 배불러서 더 못먹고 나온적 있음. 평일 점심도 웨이팅이 있는편. ",2019.04.27.,4,3.9,35,모범식당지정
갓텐스시강남,J,비싸지만 맛있음,2019.04.02.,4,4.3,3,모범식당지정
갓텐스시강남,재명,점심때 갔는데 가성비좋음,2019.03.31.,4,3.6,301,모범식당지정
갓텐스시강남,kim,보통이에요 그냥 그럭저럭한 맛 근데 비싸요,2019.03.08.,3,3.0,55,모범식당지정
갓텐스시강남,Haeni Kim,조금 시끌벅적한 곳을 싫어하시면 추천해드리지 않지만..! 그런 점이 다른 식당들과 달라서 재미있어요. 매번 너무 친절하게 대해주시는.. 민물 장어 짱!,2019.02.21.,5,4.2,5,모범식당지정
갓텐스시강남,보미,"남편이랑 방금갔다왔는데
열받아서 몇접시 안먹고 나왔음

목소리만 그저 크게하면 서비스 좋은줄 아나???
카운터에 앉아서 주문한거 기다려도 오지도 않고 나중에 받은 주문 먼저 내질 않아.. 
바로 앞에서  처다보는게도 쌩까고
그리고 사격 사악한건 알고 갔지만 그 값만큼 맛있어야지;;;

겉모습만 일본 따라하면 뭐해..... ",2019.02.16.,1,1.0,1,모범식당지정
갓텐스시강남,존맛탱만찾아다니는중,최애 회전초밥집..진심 맛이 감동적,2019.02.11.,5,4.0,69,모범식당지정
갓텐스시강남,이승주,,2018.12.28.,3,3.3,117,모범식당지정
갓텐스시강남,아돈,"광어,오도로,감성돔스시.
가격이 저렴하지는 않지만 나쁘지 않다.",2018.12.23.,3,2.9,366,모범식당지정
갓텐스시강남,J,회전초밥보다 스폐셜메뉴로 나오는 한 판 초밥이 가격대비 괜찮음. (평일점심 기준) 회전초밥도 나쁘진 않았지만 종류가 다양하게 없었고 그냥 무난했음.,2018.12.13.,3,2.3,3,모범식당지정
갓텐스시강남,tkhsjr,,2018.07.11.,3,3.7,911,모범식당지정
갓텐스시강남,김민환,존맛 일주일에 한 번 씩은 꼭 감 흑흑 넘맛잇숴옹,2018.06.29.,5,5.0,1,모범식당지정
갓텐스시강남,🍛뚱카🍛,2시반쯤 가니 레일에 초밥도 없고 걍 다시켜서 먹음ㅋㅋㅋ 초밥은 그냥 갓덴스시맛,2018.04.16.,2,3.1,1458,모범식당지정
갓텐스시강남,뀨뀨,"맛 :맛은 그렇저렇 괜찮은 편이다.
가격 : 가격은 애미없다. 괜찮다고 하는 사람들도 있는데 이정도 퀄리티에 여기보다 싼 곳 서울내에서도 많다. 
서비스 : 친절은 하지만 주문한 음식이 누락되는 경우가 많다. 두 번이나 그랬다. 한번은 주문한 음식이 잘 못나왔다.  이건 문제가 있는 거다.
종류 : 종류는 다양하지만 회전하는데는 똑같은 것들만 왔다갔다한다. 다양한 종류를 보고 골라먹는 재미가 없다. 다양한 걸 먹으려면 주문 필수. 하지만 누락은 주의.
총평 : 저녁에 가면 대기를 적고 기다려야 한다. 기다릴만큼의 가치가 있나 싶다. 물론 좋은 기억을 가진 사람도 있을 수 있고, 개인적으로만 별로라고 생각할 수 있으니 가지말라고 비추하지는 않는다. 단지 강남역에서 어디서 먹지 고민할 때 여기서 먹으려 할 때 기대치를 높게 잡지는 말아라.",2018.03.13.,1,3.3,124,모범식당지정
갓텐스시강남,석우,,2017.11.30.,4,4.1,402,모범식당지정
갓텐스시강남,Min,"음식은 괜춘한데 지배인븐인지 직원분인지 손님 대하는.태도가 그냥 그랬어요 

그리고 입구 발렛비. 3000원 별도 요구됨 식당과 별도운영이며 현금only...",2017.11.02.,1,1.7,155,모범식당지정
갓텐스시강남,양슐랭,,2017.08.30.,4,3.4,609,모범식당지정
갓텐스시강남,"Aiden Han, 승훈",초밥,2017.05.19.,4,3.1,443,모범식당지정
갓텐스시강남,viv♥,"그냥 강남역근처에서 편하게 먹기 좋은 회전초밥, 초밥",2017.03.04.,3,4.0,338,모범식당지정
갓텐스시강남,최형준,,2016.11.30.,4,3.8,243,모범식당지정
갓텐스시강남,Jun,,2016.10.10.,3,3.4,296,모범식당지정
갓텐스시강남,안영민,,2016.08.14.,3,3.3,417,모범식당지정
갓텐스시강남,했지,,2016.04.26.,4,3.9,34,모범식당지정
갓텐스시강남,연주_ᒍOᗩᑎᑎE,스시는 비싼 접시를 고르면 실패하지않음ㅋㅋㅋ 간판에 되게 싼것처럼 적어놔서 들어갔는데 가격대가 좀 있어야 먹을만.. 인당 삼만원정도씩 나왔다. 맛있어서 좀 많이먹었나봐...,2016.04.22.,3,3.4,197,모범식당지정
갓텐스시강남,Jo.vest,,2016.04.18.,3,4.2,97,모범식당지정
갓텐스시강남,Benjamin,,2016.04.08.,4,3.6,1204,모범식당지정
신의주찹쌀순대,ㅎㅈㄱ,"순대국 알차고 든든합니다 혼밥하기 좋아요 
점심시간엔 혼잡스러워서 후딱 먹고 나오는편 
",2024.04.18.,5,4.5,12,모범식당지정
신의주찹쌀순대,비밀,사장 개비호,2024.03.03.,1,1.0,8,모범식당지정
신의주찹쌀순대,라푸,,2024.02.29.,4,3.0,61,모범식당지정
신의주찹쌀순대,상수,사장 ㅈㄴ불친절 다신안감 돈아까움,2024.02.22.,1,1.4,9,모범식당지정
신의주찹쌀순대,구링구링,적당히 맛나는걸요!,2024.02.04.,4,4.3,20,모범식당지정
신의주찹쌀순대,햄찌,일원역 근처 따뜻하게 한끼 하기 좋은 맛집입니다. 순대국밥 진짜 맛있어요,2024.01.22.,5,4.6,28,모범식당지정
신의주찹쌀순대,천지기,"10년 전에 주인 바뀌기 전부터 방문했고 맛도 여러번 바뀌어도 꾹 참고 먹고있지만 혼자가면 무조건 1인석으로만 안내하는건 좀 유도리있게 바뀌었으면 합니다 아니면 1인석 테이블을 바꾸던가
솔직히 10년 넘게 방문하면서 줄 서본적이 손에 꼽을 정도로(피크시간대 20~30분 정도만 피하면 줄 안서고 먹을 수 있을 정도로) 회전율이 상당히 좋은데 개선되었으면 합니다 제발 좀",2024.01.17.,1,2.3,3,모범식당지정
신의주찹쌀순대,냥,,2024.01.08.,4,3.8,18,모범식당지정
신의주찹쌀순대,람비츄,순대국집이 이집만의 맛으로 재해석을 헤서 맛있네여 보통순대국집 가서 입이짧아서 한그릇다 못먹는데 여기는 한그릇 뚝딱했어여,2023.12.13.,5,4.9,34,모범식당지정
신의주찹쌀순대,버블리,순대국은 너무 특별날 필요도 없구 딱 이집처럼만 하면 다들 만족하구 드실거임 드셔보시면 아시겠지만 순대국의 정석을 보여주는곳,2023.12.12.,5,4.9,33,모범식당지정
신의주찹쌀순대,수빈,예전부터 자주 갔던 곳인데 늘 맛은 변함없이 맛있네요! 양도 많고 직원분도 너무 친절해서 맛있게 먹고 가요,2023.12.11.,5,4.9,11,모범식당지정
신의주찹쌀순대,스토리,"여기는 점심시간에 손님이 많네요 많길래 맛이 궁금해서 다녀왔는데 순대국에 재료를 아끼지를 않으시구 육수가
먹을수록 매력적이였어여 국밥땡길때 종종 들릴게여",2023.12.07.,5,5.0,169,모범식당지정
신의주찹쌀순대,LKW,"겨울에는 역시 국밥이죠 ㅋㅋ 요즘다 국밥비싸졌는데
가격은 쏘쏘하지만 들어가는 내용물이 푸짐해서
별점 다섯개 드립니다 ㅎ",2023.12.06.,5,4.9,194,모범식당지정
신의주찹쌀순대,하루쩡,"순대를 워낙 좋아해서 순대국집이나 순대파는곳
많이 다녀봤는데 여기는 순대에 들어간 찹쌀이 진짜 찰지네요 순대국도 조미료가 많이들어간 맛이 아니라서 만족했어요",2023.12.04.,5,4.9,167,모범식당지정
신의주찹쌀순대,W,"특별한 메뉴가 먹어보구싶어서 야채철판볶음 주문했는데
확실히 양념을 72시간 숙성해서 그런지 양념이 맛있더라구요 순대뿐아니라 수육도 들어가서 콜라보가 기가막혔습니다 ㅎ",2023.12.01.,5,5.0,169,모범식당지정
신의주찹쌀순대,김소연,추워진날씨에 보양식처럼 순대국밥이랑 모듬순대 때리고갑니당 👍 사장님도 친절하시고 건더기도 많아서 만족합니다. 국밥이 진심인 깔끔한곳 깍두기도 맛있어요 굿굿,2023.11.30.,5,4.9,34,모범식당지정
신의주찹쌀순대,백명석,일요일 12시에 3팀이 줄서서 먹는집,2023.10.08.,4,4.6,104,모범식당지정
신의주찹쌀순대,한토리의 후기를 맛보아라,,2023.10.04.,5,4.8,368,모범식당지정
신의주찹쌀순대,한상우,,2023.09.07.,5,4.2,5,모범식당지정
신의주찹쌀순대,화가나서 적는 리뷰,"맛있음 
2010년처음, 그리고 주변에서 중고딩으로 종종 먹었을때 보다 맛이 달라지긴 했지만 지금도 충분히 맛있음 ",2023.08.24.,5,3.6,14,모범식당지정
신의주찹쌀순대,까빡,"물대신 헛개차가 나옵니다. 넘 좋음..
또 후식음료(?) 같은 것도 있고요.
반찬도 가게도 음식도 깨끗합니다.
체인점의 맛이지만 안정적입니다. 
고기 냄새도 안나고요&hellip;!!",2023.06.19.,5,3.5,27,모범식당지정
신의주찹쌀순대,거짓없는리뷰,신의주 실제 지명이 궁금해지는 체인점 맛,2023.06.18.,4,3.3,456,모범식당지정
신의주찹쌀순대,MK,모든 순대를 먹을 수 있는 곳. 맛은 보통. 서빙하시는 분들이 아주 친절했음. ,2023.06.18.,4,4.6,237,모범식당지정
신의주찹쌀순대,강지연,불친절,2023.05.22.,1,1.0,1,모범식당지정
신의주찹쌀순대,오주혁,24시간 스티커 떼셈,2023.05.17.,1,3.3,4,모범식당지정
신의주찹쌀순대,예민맘,"불친절, 자꾸 갈증을 부르는 맛, 모양이 이상한(?) 깍두기&hellip;별 한 개도 아까움. 
다시는 가고 싶지 않은 식당. ",2023.05.06.,1,1.0,5,모범식당지정
신의주찹쌀순대,Ким ,평타는 치는 일원동 순대국집,2023.04.27.,4,4.1,58,모범식당지정
신의주찹쌀순대,김밥,,2023.04.08.,5,4.1,9,모범식당지정
신의주찹쌀순대,강짹짹,정식은 시키지 마시길. 그냥 순대국만 드세요. 물맛이 좋아서 가게 된다. 잡내없고. 이 가격에 먹을만한게 요즘 잘 없어서 가게되는곳. 점심시간에는 대기필수. 주차힘들어요. ,2023.04.01.,3,3.0,58,모범식당지정
신의주찹쌀순대,난귀엽다,"어떻게 생각하실지는 직접 사진 보고 결정하세요
반찬 재활용 안한다고 하는데 아무리 봐도... 본인들은 무 쪼갤 때 이렇게 된다고..원래 그런거라고 장담한다고 하는데 글쎄요... 국밥은 맛있어서 2년정도 아침에 출근하면서 계속 이용했는데 이 전에도 무가 모양이 긴가민가한 것들 종종 있었다가 아니겠지 하고 넘어갔는데 이번에는 좀 아니지 싶어서 리뷰 올립니다",2023.03.12.,1,2.4,7,모범식당지정
신의주찹쌀순대,징슐랭,"입맛이 길들여진건지...
먹으면 먹을 수록 이집 만한 곳 없다",2023.01.25.,4,3.7,9,모범식당지정
신의주찹쌀순대,진심,"맛 변함
주변에 순대국집이 없어서 감",2023.01.25.,3,3.0,26,모범식당지정
신의주찹쌀순대,최병모,"맛두별로
추가반찬 달라하면 궁시렁 궁시렁",2023.01.19.,1,3.0,6,모범식당지정
신의주찹쌀순대,김영걸,맛은 있는데 손님 들어와도 주문 뭐할지 물어보지도 않고 너무 불친절함,2023.01.10.,3,3.5,2,모범식당지정
신의주찹쌀순대,열열,가게 옆에 2~3자리 말고는 주차장이 별도로 없어 주차하는데 고생했지만 얼큰한 순대국 참 맛있게 잘먹었어요,2023.01.03.,5,4.6,11,모범식당지정
신촌설렁탕,말레나,둥지냉면보다 맛없는 냉면,2023.08.14.,1,3.4,90,모범식당지정
신촌설렁탕,SuperHero,,2023.06.01.,3,4.3,4,모범식당지정
신촌설렁탕,덱스타,가격 맛 괜찮음,2022.12.16.,4,3.3,8,모범식당지정
신촌설렁탕,우동모,혼자 가면 못먹네요. 미리 안내를 해주는 것도 아니고. 괜히 기다리다 시간 버렸어요. ,2021.06.01.,1,1.0,2,모범식당지정
신촌설렁탕,자다하,,2021.05.22.,4,3.0,18,모범식당지정
신촌설렁탕,Revy,점심시간에 할머님 한 분이 오시니깐 사장님이 지금은 직장인들이 많은 시간이라 받을 수가 없다고 안받아주시더라고요. 자리가 없는 것도 아니였는데 단체손님 이익에 눈이 멀어 식사도 못하시고 내쫓으시니 좀 보기에 그랬습니다. 직장인 혼자 밥먹으러 가도 내쫓으실듯 싶네요.,2021.05.04.,3,2.9,30,모범식당지정
신촌설렁탕,Juhoon Kim,종업원은 한마디 대답도 없이 퉁명스럽게 주문 받고 김치는 셀프냐고 물어야 못마땅한 얼굴로 갔다주고. 내가 돈내고 이런 대접 받아가면서 꼭 이런데서 먹어야하나 하는 자괴감이 들게 만들었던 설렁탕집. 불친절 때문에 하는 말이 아니라 맛도 정말 없어요.,2019.10.16.,1,1.0,1,모범식당지정
신촌설렁탕,새롬,가게주인분이 청결에는 엄청 신경쓰는게 느껴짐. 맛도 맛있는데 깔끔하고 창가쪽에서 여유롭게 선릉공원 보면서 갈비탕과 매콤한비냉먹을때 기분이좋음.,2018.11.06.,5,5.0,1,모범식당지정
신촌설렁탕,레오네0414,"저녁식사로 설렁탕 먹는데 먹다보니 뭔가 기름을 머금고 떠있어서 고루가루인가 했는데 자세히 살펴보니 사진과 같은 벌레가 나와서 입맛이 뚝,, 왜 하필 이제서야 나오니.. 
ㅋ 기름이 함께 붙어있는거 보니 날아든건 아닌것 같고 김치나 파 다대기 속에 붙어있었던게 아닐까. 암튼 여기 위생 상태가 그닥. 퉤. 다시는 안감 -_-

",2018.05.20.,1,2.7,198,모범식당지정
신촌설렁탕,Jun,,2018.01.13.,4,3.4,296,모범식당지정
신촌설렁탕,키키,수육 굿~,2017.12.16.,4,4.1,714,모범식당지정
신사정육식당,Lee.MH,,2024.03.15.,5,5.0,2,모범식당지정
신사정육식당,復活.小碗.,실망,2022.12.18.,1,3.1,16,모범식당지정
윤화돈까스 기사식당,ㅇ아니,"치즈 돈까스 먹었는데 요새 유행하는 치즈 잔뜩 돈까스를 싫어하는 사람으로써 너무 좋았음
근데 직원분들이 너무 무례함 지적질함 기분나빠서 그냥 포장해서 먹을듯",2024.03.28.,4,4.3,9,모범식당지정
윤화돈까스 기사식당,간장콩장콩장장,"기름도 깨끗한거 같고, 양배추도 신선하고 반찬도 맛있고(특히 된장국?이 맛남) 직원분들도 정말 친절하셨음. 애초에 경양식돈까스가 크게 맛평가할 음식이 아닌데 맛없다고 하는 사람들이 신기함. 입맛 까다로운데 만족스러웠음",2024.03.07.,5,4.1,18,모범식당지정
윤화돈까스 기사식당,Map Travel,기사식당 스타일 돈까스. 신속. 깔끔.,2024.02.16.,4,4.1,331,모범식당지정
윤화돈까스 기사식당,MINSEOP,"주문메뉴 : 돈까스

고기는 서빙 된 직전부터 식은 상태여서 미지근 했다. 소스 때문에 간신히 온기를 유지하는 정도였음. 두입부터 물리는 소스의 맛이었다. 굉장히 단맛에 치중됐다. 밸런스가 하나도 안맞고 단지 요즘 시대에 맞게 단맛만 강조된 맛 그 자체. 스프는 기본 메뉴이라도 그렇지 너무 성의없게 끓였다. 고추는 싱싱하지 않았고 쌈장은 또 무지 짠 맛이라 입맛을 다 버려놓았음. 

주차와 계산 할 때의 친절 빼고는 아무런 장점을 찾아볼 수가 없다. 

재방문 의사는 없음. ",2024.02.13.,2,2.2,73,모범식당지정
윤화돈까스 기사식당,J,,2024.02.11.,3,3.7,13,모범식당지정
윤화돈까스 기사식당,조은영,"반반 맛있어요
식당에서 먹는게 젤맛있지만 가끔은 포장해서 먹어요
주차자리가 협소해서 아쉬워요ㅜ",2024.02.03.,5,2.8,161,모범식당지정
윤화돈까스 기사식당,군침이싹도노,"돈까스 소믈리에입니다. 윤화세트 먹었습니다.

1. 스프 : 너무 달다. 간조절 실패.
2. 소스 : 너무 싱겁다. 약간의 새콤한 맛은 나는데 전반적으로 돈까스랑 먹으면. 소스가 아무런 맛도 안난다고 느껴짐. 괜히 튀김이 눅눅해지기만 하고... 소스를지금보다 두세배는 더 끓여서 졸여야 할것같음. 그정도로 묽은 맛이 남. 다른분들 사진 색깔 보면 좀더 진한 갈색이던데... 오늘만 실패했나? 그건 그것대로 문제임. 맛을 일관되게 만들 실력도 안된다는거니까. 차라리 시판 소스를 찍어먹도록 하는게 훨씬 맛있을것 같음.
3. 돈까스 : 얇음. 튀김이 좀 갓튀긴것 같지가 않음. 아마도 피크 타임에 미리 많이 튀겨놨다가 나오는것 같음... 거기에 소스도 위에 잔뜩 부어서 나오니까 더 눅눅해져 바삭한 느낌이 전혀 없음. 육질은 쫄깃함. 그래서 겨우 먹을만 함. 얇은 돈까스는 바삭함이 생명인데....
4. 함박까스 : 커다란 동그랑땡을 눌러서 튀긴 맛. 약간 더 오래튀긴것 같은? 오래된기름에 튀긴것 같은? 그런 튀김의 맛과 식감이 느껴짐. 그게 피카츄돈까스를 떠올리게 하는듯. 음... 동그랑땡보다는 별로고, 피카츄돈까스보다는 맛있는 정도임. 튀김이 아무리 별로여도, 안에가 야채섞인 고기 패티라 피카츄돈까스 보다는 더 맛있음..
5. 생선튀김 : 그나마 이게 제일 맛있었음. 튀김이 바삭하고. 생선살도 촉촉하고, 소스도 위에 뿌리지 않아서 눅눅해지지도 않았고... &lsquo;뭐야 이렇게 튀길 수 있는데 왜 다른 돈까스들은 이따위로 튀겼지?&rsquo;하는 생각이 들었음. 아마도 생선까스만 주문 들어올때 바로 튀기는게 아닐까 싶음.
6. 가격 : 양은 많지만.. 돈까스 자체의 퀄리티를 생각하면.. 13,000원에 가성비가 좋다? 난 잘 모르겠음. 다른 고급화된 일식 프랜차이즈 돈까스들, 맛있고 고기 두툼한 돈까스들도 거의 같은 가격대인걸 생각해보면... 양 많은거 빼면, 굳이 여기에 찾아와서까지 먹을필요가 있나? 느낌이긴 함

총평.
딱 저렴한 분식집 돈까스의 퀄리티. 
찾아와서 먹을 맛은 아님. 맛없다는 정도까진 아님. 
돈까스의 맛과 질 자체만 놓고 보면, 다른 프랜차이즈 돈까스들의 압승일듯.
다만, 여러 돈까스 종류를 10,000~13,000원 선에서
양 많게 먹을 수 있는곳이 흔치는 않기에
돈까스 퀄리티에 딱히 진심이 아니라면. 먹을만하고 가성비가 좋다고 느끼는 사람도 많을것 같긴 하다. ",2024.01.30.,3,2.0,2,모범식당지정
윤화돈까스 기사식당,붐바야,"윤화
단점 :스프가 달다

장점: 6각형 4점 맛집이다. 위생좋고 친절하다.

경양식 돈까스가 희귀해지니깐 남산에서도 스프리필하는데 돈 주고 팔던데..ㅠ
윤화 정도면 상급이다.
요즘 시세 생각하면 가성비도 괜찮은집이다. 
이거 먹으러 여기까지 올정도는 아니지만 강남쪽에살면서 경양식 땡길때는 올만하다.

배추김치를 기본으로하면
석박지 신거 추가, 
샐러드 소스가 하나 더,
돈까스 소스가 좀더 특색있으면 어떨까 싶다.
스프는 그만달고...",2024.01.28.,4,3.1,29,모범식당지정
윤화돈까스 기사식당,내님은차지은,"그냥 저렴하게 먹고싶을때....먹는건가 했네요ㅠ
돈까스는 요즘 맛집이 너무많아서ㅜㅜ후회..",2024.01.16.,2,3.8,31,모범식당지정
윤화돈까스 기사식당,홍정훈,진짜 경양식 기사식당돈까스 딱입니다,2023.12.31.,5,4.4,73,모범식당지정
윤화돈까스 기사식당,^0^,,2023.12.24.,4,4.1,8,모범식당지정
윤화돈까스 기사식당,😑,"저 돈까스 대법관인데 이정도면 상위 0.1% 입니다
경양식돈까스 끝까지 맛있게 다 먹은거 처음이에요",2023.10.15.,5,4.7,27,모범식당지정
윤화돈까스 기사식당,June,맛도 양도 최고 윤화돈까스😊 그리고 친절한 서비스! ,2023.10.12.,5,5.0,2,모범식당지정
윤화돈까스 기사식당,예원바라기,진짜진짜 맛있어요. 연하고  싱싱한 고추도 최고. 늘 배달로 먹다가 오늘은 식당 방문. 엄청 친절해요 .,2023.09.27.,5,3.8,18,모범식당지정
윤화돈까스 기사식당,🐑,"이전 전 보다 지금이 더 좋아요
한국식 돈까스집 중에서 체인점들과는 비교불가",2023.09.21.,5,3.7,66,모범식당지정
윤화돈까스 기사식당,밥이,직원들이랑 점심으로 가서 먹었어요. 제가 가자고 했는데 다들 만족하더라구요. 가끔 가서 먹을것 같아요,2023.09.19.,5,4.8,13,모범식당지정
윤화돈까스 기사식당,지나가는종족,"맛있네요. 한국식 경양 돈까스예요.
많은 분들이 얘기한 스프는 간이 약하고 묽다고 느낄 수도 있는데 이게 원래 진짜 크림스프예요 오뚜기 맛이 아니어서 더 좋네요~",2023.09.10.,4,4.5,81,모범식당지정
윤화돈까스 기사식당,둠칫둠치,"유일한 단점은 스프. 스프가 너무 달다.
후추를 멋모르고 뿌렸다간, 끔찍한 달달한 후추맛을 보게됨. 소금을 넣어야하는데 설탕을 넣으신듯...?

돈까스는 일단 눌러놓았는데 쫄깃쫄깃 맛있다는 느낌. 생선까스는 집에서 갓튀겨서 먹을때 맛있는 그 맛이고. 함바그까스는 꽉꽉 눌러펴서 튀기면 날것 같은 그 맛 그대로임

지하 주차장도 있고, 차몰고 가다가 슥 들어가기 좋음. 물론 주차장이 넓진 않음",2023.09.08.,4,3.3,38,모범식당지정
윤화돈까스 기사식당,Forest,맛집인정!!,2023.09.01.,5,4.8,336,모범식당지정
윤화돈까스 기사식당,장경,,2023.08.27.,5,5.0,2,모범식당지정
윤화돈까스 기사식당,하켠,"주차아저씨 인성 뭔가요
자리 없으면 없다하면되지 위화감 조성하네요
회사근처라 단골이었는데 다신 못가겠네요",2023.08.25.,1,2.3,3,모범식당지정
윤화돈까스 기사식당,"ㅡ,ㅡ",,2023.08.18.,3,3.2,15,모범식당지정
윤화돈까스 기사식당,김은정,"정말 오래된 돈가스식당으로 
진정 맛있는 돈가스집이라고 생각되는 곳이랍니다",2023.08.11.,5,4.7,9,모범식당지정
윤화돈까스 기사식당,재관짱,"가지마세요.
절대.
",2023.07.28.,1,3.0,4,모범식당지정
윤화돈까스 기사식당,ㄱ,먹어봤는데 딱 3.3점짜리 맞음. 냉동 고구마돈까스맛 남. 곁들이로 나오는 된장국이 제일 맛있다,2023.07.25.,3,3.8,4,모범식당지정
윤화돈까스 기사식당,채원이랑,강제 지하주차 시킨 후 주차비 내라고 인상쓰고 손님 무시하는 듯한 사장님. 결제만 하면 나몰라라~ 손님말 무시.,2023.06.17.,1,1.0,1,모범식당지정
윤화돈까스 기사식당,프로팩폭러,여기 맛있다는 사람들 연구대상감,2023.05.26.,1,3.5,45,모범식당지정
윤화돈까스 기사식당,갱갱,종니 마싯슴요~ 주차가 힘든게 단점ㅠㅠ,2023.05.11.,5,1.7,6,모범식당지정
윤화돈까스 기사식당,면탐정,"카카오맵 리뷰는 진짜 별로였던 음식점만 리뷰를 남기는 편이라 평균 별점이 낮은 편입니다.

경양식 돈까스가 먹고 싶어서 저녁에 방문했습니다. 일단 자리에 앉으면 스프, 된장국, 안 매운 고추, 쌈장이 나옵니다.
스프는 정말 무슨 맛인지 모를 정도로 간이 약해서 밀가루 맛만 나구요. 후추를 뿌려도 커버가 안돼요.
반대로 된장국은 정말 짰습니다. 스프랑 된장국 다른 분이 만드시나 싶을 정도로 간이 셌어요.
돈까스는 크기가 상당히 큽니다. 그리고 그만큼 얇아서 씹는 맛이 덜합니다. 문제는 소스였는데요, 데미그라스 소스 계열인 줄 알았는데 양념치킨 소스가 섞인 그 피카츄 돈까스 소스랑 유사했어요. 제가 지금 돈까스를 먹는 건지 만 천원짜리 피카츄 돈까스를 먹는 건지 모르겠더라구요&hellip;

경양식 돈까스를 기대하고 오셨다면 돈까스는 드시지 마세요
",2023.04.12.,2,3.0,9,모범식당지정
윤화돈까스 기사식당,.,"이집 뱅뱅 사거리 있을때부테 30년단골입니다.
그옛날 맛은 지금은 안나네요.
하지만 맛 적당합니다.
몆일전 갔었는데 주인이 바뀌었네요.
그래서 그런가봐요.",2022.11.27.,3,3.1,92,모범식당지정
윤화돈까스 기사식당,.,"여기 완전 좋아요.
가성비가 우수수수수 내려요.",2022.11.12.,5,3.3,46,모범식당지정
윤화돈까스 기사식당,mj,,2022.11.03.,3,3.7,516,모범식당지정
윤화돈까스 기사식당,지옥개미,밥 무한리필로 배부르게 먹을 수있음,2022.10.06.,3,4.1,363,모범식당지정
윤화돈까스 기사식당,DH,"정말친절하시고 음식도 빨리나옵니다.
고추가 김치처럼 테이블마다 쌓여있는데 돈까스랑 같이 먹으면 별미네요~ ",2022.09.13.,4,4.0,4,모범식당지정
윤화돈까스 기사식당,o,"여사장님을 비롯해 직원분들 모두 친절하세요
딱하나 흠이있다면 방문할때마다 스프가 국같아요..농도좀 잘 맞춰주셨으면 좋겠어요ㅠ후추뿌리고 한입 먹고 못먹겠어서 남기고 왔습니다..",2022.07.18.,4,1.4,16,모범식당지정
윤화돈까스 기사식당,Woon,굳뜨,2022.06.25.,5,1.7,23,모범식당지정
윤화돈까스 기사식당,바다뱀,돈까스가 좀 얇고 반찬 가짓수가 부족하긴 하지만 3.3점을 받을 정도로 형편없지는 않습니다. 경양식 구색 갖췄고 충분히 맛있습니다. 강남에서 만원으로 할 수 있는 식사로는 가성비 충분하다 봅니다.,2022.06.14.,5,5.0,3,모범식당지정
윤화돈까스 기사식당,Michaela♡,우리 부부가 자주 가서 먹는 맛집♡,2022.05.30.,5,4.6,5,모범식당지정
윤화돈까스 기사식당,친절한 용이형,"2000년 초반에 처음 맛보았을때의 
그 맛있다는 느낌은 없지만 나름 괜찮음

다만 설거지의 상태가 메롱이라 
컵.나이프. 포크가 미끌거리는건 함정

조선족 아줌마들이 간혹 주문을 헷갈려하는건 덤.
",2022.05.06.,5,4.0,41,모범식당지정
윤화돈까스 기사식당,Y,최악. 얇은 돈까스도 얼마든지 맛있을 수 있는데 이건 그냥 종이 씹는 기분이었음. 생선까스는 처음 나왔을 때부터 튀김상태도 별로였는데 한 두 점 먹고 더이상 안 먹음. 소스도 너무 신 맛이 강하고 어디에도 손이 안 감. 이걸 만 원 주고 먹었다니..... 반도 못 먹고 나왔고 입맛 제대로 버리고 옴. 차라리 김밥천국 갈래요,2022.04.30.,1,3.0,4,모범식당지정
윤화돈까스 기사식당,최유라,"돈까스 맛있게 먹고 나오는데
발렛 파킹 해주시는 아저씨가 차 안에서 담배를 피신건지 온 몸에 담배 냄새가 배어계신건지
차 내부 전체와 핸들에서 담배 찌든내가 진동을 했습니다
식사 후 매우 불쾌했습니다
교육 필요할 것 같습니다",2022.02.19.,1,3.7,12,모범식당지정
윤화돈까스 기사식당,음식에진심인사람,"아무리 점심시간이라 바쁘시다지만 입구에서 줄 서야 한다고 안내도 안 하시고는, 빈 테이블 앞에 서 있다고 화를 버럭 내시네요. 카운터 앞에 우글우글한 사람들이 계산 줄인지 대기 줄인지 손님이 어떻게 알아요... ",2022.01.19.,1,4.4,381,모범식당지정
윤화돈까스 기사식당,임준수,그냥 평범한 돈가스 집으로 보시면 되여.. 위치가 위치인지라 싸지는 않아요,2021.12.18.,3,3.6,5,모범식당지정
윤화돈까스 기사식당,애뽈🍎,,2021.10.08.,5,3.4,272,모범식당지정
윤화돈까스 기사식당,김목인,신속하고 맛있읍니다 얇은 돈까스이고 아랫 부분이 오랫동안 바삭바삭 했어요 소스가 조금 물려요,2021.10.03.,3,3.6,174,모범식당지정
윤화돈까스 기사식당,아수라백반,돈까스는 뭐~ㅎ 제육이 개존맛임! 진짜 맛있음  인정!,2021.09.15.,5,3.9,20,모범식당지정
윤화돈까스 기사식당,슝슝,"한입먹고  ..오늘 하루치의 모든 의욕을 잃었슺니닼  9천원인이유는 강남이라서???
소스는 넘짜고 고기는 얇아서 종이에 튀김옷 입힌 맛이에요 .후기보고 안갈려했으나 혹시나 호기심에 ... 세입먹고 도저히 못먹겠어서 남겼어요 .심지어 배고픈 아점이었는데...
포장했더니 용기밖으로 돈가스 서로나오려고 빼꼼 거리고 투명 비닐봉지에 담아주심 ㅎㅎㅎㅎㅎ 먹을거 없는 대로변에 핑크색 간판으로 떡하니 있어서 배고픈자들이 들어가는 곳. 감밥헤븐 가면 더싸고 맛있는데 ...근처 까페서 커피와빵을 먹는 편이 훨 기분이 좋습니다 
일주일 굶으면 맛있게 먹을수 있을것같아요",2021.08.12.,1,2.0,4,모범식당지정
윤화돈까스 기사식당,담쟁이,돈가스 앏고 질김. 함박맛도 아닌것 같음.정식 시키고 반 은 남김.이해할수 없는 몇몇 극찬후기 는 믿지 마시고 솔직 별로입니다,2021.07.25.,1,2.7,93,모범식당지정
윤화돈까스 기사식당,물지않아요,"정말 빨리 나오며 맛있어요
기사식당이라는데 돈까스 맛집입니다 
남산돈까스보다 여기가 훨 나요
근데 다른메뉴보단 돈까스만 드시길 추천 
다른것도 시켜봤는데 돈까스보단 실망했습니다",2021.07.17.,5,4.1,67,모범식당지정
윤화돈까스 기사식당,해피데이,최애돈까스,2021.06.17.,5,4.5,8,모범식당지정
윤화돈까스 기사식당,aonion,"무난한 경양식 돈까스(3.5 주고 싶음..)
반반(돈까스 + 생선) 먹었는데 돈까스는 고기가 너무 얇고 두께가 일정해서 씹는 맛이 덜한 반면, 두툼 바삭한 생선까스가 더 맛있었어요.
옆에 고추 통 있어서 느끼할 때 입가심 할 수 있고 스프, 된장국도 식전에 나와 강남에서 8000인걸 생각하면 가성비 훌륭합니다.(남으면 포장 가능)
리모델링해서 내부 깔끔하고 아주머니들도 친절하세요.
밑에 소함박이 맛있다는 글이 있어서 담에 소함박 먹어보고 추가 할게요",2021.03.02.,4,3.9,68,모범식당지정
윤화돈까스 기사식당,이용원,"부드럽고 맛나요
최고",2021.02.05.,5,4.6,9,모범식당지정
윤화돈까스 기사식당,박준일,"레트로 한 맛에 소수 돈까스 최고임

생선까스가 생각보다 스탠다드 하고 맛있슴.

리모델링으로 청결해서 좋습니다

따로 있는 생고추 통은 한국식 별미",2021.01.31.,5,4.7,25,모범식당지정
윤화돈까스 기사식당,써니,"소스가 심심하면서 중독성 있음
소함박까스가 제일 맛있어요",2020.11.28.,4,4.2,41,모범식당지정
윤화돈까스 기사식당,슈바인,친절하고 맛있어요!!추천,2020.11.01.,5,2.1,37,모범식당지정
윤화돈까스 기사식당,비평가,"왜 이렇게 평이 낮죠?
상당히 맛있는데...",2020.10.05.,5,4.4,1185,모범식당지정
윤화돈까스 기사식당,kkiii,"주차편하고 발렛비 없고, 맛있고, 사장님 친절합니다^^ 돈가스는 좀 얇고 큰편. 
소함박이 의외로 맛있음",2020.07.19.,5,4.2,15,모범식당지정
윤화돈까스 기사식당,익명,"이사오기 전 주유소 옆에 있엇을 시절에
돈까스가 그 큰 그릇의 2/3 씩 차지하고
고기도 두툼하고 그래서 자주 가던 나만의 맛집이었는데 
요즘은 돈까스도 작아지고 고기도 얇아지고;;,
나오는 속도 만큼은 여전히 빠르지만.
맛잇엇던 기억으로 오랜만에 갔는데 실망쓰",2020.06.04.,3,4.0,96,모범식당지정
윤화돈까스 기사식당,과노c,,2020.05.04.,4,4.2,1100,모범식당지정
윤화돈까스 기사식당,이친절,"아주머니들도 친절 하시고 , 무엇보다 돈까스가 무지 빨리 나와요. 급하고 시간없을때 찾게 되는 집입니다.",2020.02.12.,5,3.8,200,모범식당지정
윤화돈까스 기사식당,박성희,기대를 많이 했는지 패티도 그렇고 그냥 그렇습니다. 옆에 배달 돈가스가 맛이더 나아요. 서빙은 친절하고 고추 야채들을 셀프로 먹을 수 있는건 좋았습니다. 가격에 비해 패티가 얇고 특색이 없다는게 맞는표현.,2020.02.08.,2,2.7,6,모범식당지정
윤화돈까스 기사식당,뽕빠,아직도 있다니 대단합니다 진짜 대한민국 최고의 돈까스집입니다,2020.01.02.,1,4.8,24,모범식당지정
윤화돈까스 기사식당,태희사랑,(19년 8월) 강남에서 가성비 좋은 돈까스집이라고 생각됨. 다만 생선까스가 좀 비려서 보통,2019.08.28.,3,3.7,130,모범식당지정
윤화돈까스 기사식당,알레르망,약간 별로네요,2019.06.22.,2,3.9,295,모범식당지정
윤화돈까스 기사식당,abc평가,동네뿐아니라 한국 통틀어서 제일 별로였어요,2019.04.10.,1,3.3,36,모범식당지정
윤화돈까스 기사식당,onanong,오늘 점심때 갔었는데.. 맛이 그닥.. 비추 ,2019.02.07.,1,2.4,11,모범식당지정
윤화돈까스 기사식당,마이고파,"소스의 단맛!  진짜 별루임 설탕의 단맛이 아니라 감초의 단맛이라고 할까 조미료의 과다한 느끼한 맛이랄까 하여간 그 단맛인지 느끼하고 닝닝한 맛만좀 어찌좀 했음 괜찬을듯...밥도 리필가능하고 
싱싱한 김치랑 고추를  맘껏 먹을수있어 좋다
가격은 이정도면 괜찬은것같음",2018.02.10.,4,3.6,96,모범식당지정
윤화돈까스 기사식당,열혈마,,2016.10.07.,4,4.1,765,모범식당지정
윤화돈까스 기사식당,쫑,,2016.09.03.,4,4.1,435,모범식당지정
윤화돈까스 기사식당,김형호,돈가스의 고소함과 식감은 있으나 나에겐 약간짜다,2016.08.27.,3,4.0,479,모범식당지정
윤화돈까스 기사식당,김정희,,2016.06.22.,3,3.6,92,모범식당지정
윤화돈까스 기사식당,파루,기사식당은 중간 이상은 할거라는 통념을 깨준 집...돈까스 완전 별루,2016.04.15.,1,3.1,611,모범식당지정
우림황소양곱창,.,여자는 양 적게 줌 ,2023.06.21.,1,3.1,299,모범식당지정
우림황소양곱창,감자,맛있어요..! 다만..가격이 좀 있어서 가성비 있는 곳은 아니에요! ( 모둠 2인에 전골 시켰는데 가격대비 좀..부실..한 느낌이 있었어요.. ) 부추무침은 진짜 맛있었어요! ,2023.03.13.,3,4.3,10,모범식당지정
우림황소양곱창,.,곱창 맛은 솔직히 더 맛있는 곳 많은데 부추무침이 지이인짜 맛있어요😊 그리고 구워주시는 이모님 정말 친절하셔요!! 단점은 양 대비 비싸긴 하지만 요새 곱창이 다 비싸서 어딜 가도 비슷하더라구요ㅠㅠ 곱창 가격 좀 내렸으면...,2023.02.26.,5,4.4,9,모범식당지정
우림황소양곱창,holidaycoffee," 곱창 잔잔바리라 안좋아했는데 여기는 곱창도 맛있어요 대창 염통? 말해 뭔들 
",2020.10.17.,4,4.0,69,모범식당지정
우림황소양곱창,coco,와 맛은 있는데 창렬합니다.. 양 적고 그에 비해 가격 너무 비싸요ㅜㅜ,2020.07.06.,2,4.1,155,모범식당지정
우림황소양곱창,💜,"쇼핑하고 항상 들르는곳!!
매번 갈때마다 대기 탔었는데...
엊그젠 코로나 때문인지.. 점심이라 그런지.. 대기없이 슝~
맛있게 잘 먹고 갑니당~~~♡
.
(근데 소스에 고추 들은거 하나도 안매웠어요~
완전 매운 청양고추로 좀 바꿔주세요. plz!! )
",2020.06.10.,5,4.7,3,모범식당지정
우림황소양곱창,luv_hoho,"요즘 소곱창비싸서 잘못먹었는데 오랫만에 넘넘 맛있게 잘먹고왔어요ㅡ사장님 시크한데 넘 웃겨요ㅡ맛있어요~찐입니다 :)

",2020.05.23.,5,5.0,1,모범식당지정
우림황소양곱창,임종완,"네이버검색으오 우연히 갔는데 진짜 대박이네요
강추해요.가로수길 곱창집은 이집이 최고인듯. ㅋㅋ
사장님 맛있어요 ㅋㅋ",2020.05.14.,5,5.0,1,모범식당지정
우림황소양곱창,정화,"부추랑 같이 먹어서 느끼하지 않아 좋았음!!
국내산은 달라도 다름 예민한 나에겐..",2020.05.14.,5,5.0,1,모범식당지정
우림황소양곱창,소문 F&C,정말 곱도많고 맛있어요~~^^,2020.05.14.,5,5.0,1,모범식당지정
우림황소양곱창,환림,"부추양파볶음 먹는 느낌.
맛이 없는것은 아니지만 여기보다 맛있는 곳도 많음 ",2020.03.01.,2,4.2,5,모범식당지정
우림황소양곱창,Saint Jin,이런집은 손님들이 안가줘야 정신차린다,2019.12.21.,1,2.0,4,모범식당지정
우림황소양곱창,sunny,처음 양 보고 1인분이냐고 되물을 정도로 양이 충격적 ㅜㅜ 양파랑 부추 사이에 어쩌다 끼어있는 몇 안되는 곱창은 너무 질겨서 다 뱉어냄 최악의 곱창 다신 안 갈 거임 나처럼 냄새에 낚이지 마시길 ㅜㅜ,2019.10.13.,1,2.4,39,모범식당지정
우림황소양곱창,바다,"2인분인데 1인분같은 미친듯이 적은 양에 놀라고, 먹다가 돌 같은게 씹혀서 뱉어보니 이상한 조각들+머리카락이 나옴.. 돌 안씹혔으면 머리카락도 먹었을뻔.. 주말 저녁에 갔는데 한산하길래 왜 사람이 별로 없지? 싶었는데 다 이유가 있었음. 직원분들도 불친절하고 다신 가고싶지 않은 곳",2019.07.14.,1,4.4,38,모범식당지정
우림황소양곱창,톰톰,"1점도아깝다
200그람에 22000원인데(대창) 비싸면 맛있기라도하던가
내가 먹어본 대창 중에 최최최악이었음 질겨서씹히질않음
그래놓고 사진상으로는 만얼마 ㅋㅋㅋㅋ 
곱창집인데 곱창은 안되고~ 단가가 얼마 안나오나 ㅎㅎ
가게도더럽고 주위에 곱창 220그람에 만원대로 파는 곳 많으니까 글로 ㄲ",2019.06.05.,1,2.5,47,모범식당지정
우림황소양곱창,톰캣,"방금 저녁 먹고 쓰는 후기임 
0점이 없어서 1점 줌.
직원 너무나도 불친절함.
가격도 대창 22000원임
양도 내가 양파,부추 구이를 먹은건지 대창구이를 먹은건지 모르겠음
매화수1병 6000원
서비스로 주는 김치찌개?라고 표현하기 힘든 김치+물 끓인 것 줌
진짜 레알루다가 가지 마셈
ㄹㅇ 후회함
저녁시간에 사람이 없었을 때 부터 알아봤어야 함..",2019.06.02.,1,2.5,38,모범식당지정
우림황소양곱창,감자,"5월 25일 어제갔는데 다신안감..
양너무적고 메뉴판에잇는데...모둠이랑 막창 대창밖에 못시킨댓나 뭐 그럼
모둠장려하는디 야채만 이빠이많고 ...ㅎㅎㅎ절대기다릴만하지않음...뭐 반찬도 김치 절인마늘밖에없음...
김치 빠트린 국이랑.....소주 오천원...원에... 모둠두개 볶음밥 소주 하나...일인당 25000냿는데 배도 하나도안부름...몇점먹엇나....부추로만 배채움...",2019.05.26.,1,3.4,132,모범식당지정
우림황소양곱창,츄,"1인분같은 2인분 ㅠㅠ 
모듬 19000원 곱창은 21000원.... 
다른곳보다 비싼데 양은 더 적음 ㅠㅠ 맛은 있음....... ",2019.04.06.,2,3.8,361,모범식당지정
우림황소양곱창,최아름,조오온나 싸가지 없음 가지마라 맛도없음,2018.11.11.,1,1.0,2,모범식당지정
우림황소양곱창,-Bluehole-,"이 메뉴 가격 아님. 훨씬 올랐음. 모듬 19, 곱창 21, 대창 20. 내가 가본 곱창집 중 제일 쓰레기!! 모듬 시키면 제일 싸구려인 대창만 엄청 나옴. 심지어 3인분 시켰는데 진짜 나온 양 보고 깜짝놀람. 모듬 구성보고 너무 화났는데 2인분 줘놓고 3인분이라기에 폭발함. 줄 서는 게 이해 안가요. 진정 여기가 맛있나요? 차라리 맞은 편 강남시장 안에 가서 머리수육+육수 (15,000) 이거 드세요. 셋이 먹어도 될 정도로 양 많아요. 진짜 진짜 쓰레기 곱창집!!",2018.11.11.,1,2.9,212,모범식당지정
우림황소양곱창,위해은,,2018.10.10.,4,3.5,2,모범식당지정
우림황소양곱창,saaaan,이게 1인분....절대안감,2018.08.13.,1,3.6,10,모범식당지정
우림황소양곱창,정은,모듬구이 / 볶음밥,2018.07.23.,4,3.6,911,모범식당지정
우림황소양곱창,Soil,곱창 잘 못먹는데 여기서는 맛있게 먹음. 좀 시끄럽지만 않다면 좋겠다...,2018.06.15.,4,3.6,346,모범식당지정
우림황소양곱창,리꼬리꼬,"0점주고 싶은데 1점뿐이라 아쉽다
곱창엔 곱이 없고 막창은 고무같아
물통엔 고추가루 뭍어있음..
양도 창렬그자체^^ 다신안감",2018.06.14.,1,3.6,14,모범식당지정
우림황소양곱창,최형규,,2017.10.17.,4,3.7,60,모범식당지정
해담채강남,HJ,,2024.02.29.,5,4.5,14,모범식당지정
해담채강남,"맛,서비스 다 봅니다",특정식 먹었습니다. 맛이 없진 않은데 그렇다고 특별하게 맛이 뛰어나진 않아요. 그래도 그 위치에 그 가격에 서비스는 굉장히 만족했습니다.,2023.11.28.,3,3.2,27,모범식당지정
해담채강남,박관수,상견례 ,2023.11.26.,5,5.0,2,모범식당지정
해담채강남,상엽,,2023.11.24.,5,3.5,8,모범식당지정
해담채강남,김우영,,2023.09.26.,5,5.0,1,모범식당지정
해담채강남,까레라이스,,2023.07.20.,4,4.6,5,모범식당지정
해담채강남,강석원,가격은 비싼 편이지만 음식도 괜찮고 별도룸이 있어 모임하기 좋습니다.,2023.05.03.,4,3.5,15,모범식당지정
해담채강남,냉정한 미식가,,2023.04.09.,3,3.4,485,모범식당지정
해담채강남,모꼬,"술집..  그냥 술마지러 모이는 술집.
가족끼리 저녁식사를 멋지게 하려고 기대한 내의 착각.
물론 가격을 비교해서 그러하죠... ㅎ
주방장특선... ㅎㅎㅎ ",2023.02.13.,3,4.3,20,모범식당지정
해담채강남,하루를 소중히,다른 지점보다 서비스와 퀄리티가 많이 떨어짐,2023.01.08.,2,3.0,55,모범식당지정
해담채강남,이다예,,2022.09.06.,5,5.0,2,모범식당지정
해담채강남,송진석,,2021.12.22.,5,4.6,30,모범식당지정
해담채강남,가람그림 아빠,글쎄... 후기 평가가 좋아서 갔는데 너무 엉망이었네요 점심정식을 4명 시켰는데 돈이 아까웠고 기분 잡쳐서 나왔네요 다시는 안갑니다 생선구이는 다 부서져 나오고 정말 이런 걸 그돈주고 먹어야 하는지 묻고 싶네요 별점 1개 주기도 아깝네요 내돈도 아깝지만 기분 나빠져서 그게 더 화가납니다,2021.11.02.,1,3.0,6,모범식당지정
해담채강남,Swirling,최고임,2021.06.01.,5,5.0,13,모범식당지정
해담채강남,Sg Cho,,2021.01.14.,4,4.0,1,모범식당지정
해담채강남,ㄱ 김경연,,2021.01.06.,3,4.8,11,모범식당지정
해담채강남,Seojin,,2020.12.06.,5,5.0,1,모범식당지정
해담채강남,서종진,,2020.11.22.,5,5.0,22,모범식당지정
해담채강남,이전근  010 3533 1130,,2020.09.01.,5,5.0,4,모범식당지정
육갑식당,서비스감별기,위치 좋고 콜키지프리에 맛도 있고 친절하시기 까지..ㄷㄷ 앞으로 자주 갈 것 같아요,2024.04.02.,5,2.3,13,모범식당지정
육갑식당,환,"친절하고~ 오겹살 목살 맛있어요~
네이버 예약 하니까 물냉 미니 서비스 주셨는데
센스있고 넘 맛있었네용
청모로 두번째 방문인데
재방문 의사 있습니다 ^~^",2024.03.15.,4,3.9,42,모범식당지정
육갑식당,맛있으면 짖는 개,"왈왈왈.
돼지 고기 질 좋구요. 밑반찬 맛있구요. 계란찜 무한리필입니다.
이것들보다 우선 사장님과 직원분들의 응대와 서비스가 너무 좋아서 무조건 다시 가고싶은 곳입니다. 고기를 잘구우신다면 목살 추천합니다. 다음엔 가서 소고기를 먹어봐야겠어요.",2024.03.11.,5,5.0,4,모범식당지정
육갑식당,꼬고,"맛도 맛인데, 사장님 서비스가 너무 좋아요!
가격도 강남에서 이 정도면 괜찮고요.
오랜만에 만족스럽게 먹은 듯!",2023.12.05.,5,4.2,19,모범식당지정
육갑식당,henry,이렇게 친절한 고깃집은 처음입니다..,2023.11.04.,5,3.8,91,모범식당지정
육갑식당,🐧,맛있는 건 당연하고 직원분들 엄청 친절하셔서 좋았습니다 고기 먹고싶으면 다음에 또 오려고요,2023.10.08.,5,5.0,1,모범식당지정
육갑식당,돼지,또 갑니다.. 맛있거든요..,2023.09.13.,5,4.2,47,모범식당지정
육갑식당,졔졔,"여기 꼭 가보셔요. 
리뷰만 좋고 맛없는곳도 정말많은데 여긴찐이에요!!!!!!!!
고기 양, 고기 질, 사장님 및 직원분들 응대수준 모두 최고입니다!! ㅠㅠ 한번갔는데 단골될꺼에요! ",2023.09.03.,5,5.0,2,모범식당지정
육갑식당,별점러,,2023.01.11.,3,3.7,276,모범식당지정
육갑식당,조희철,,2022.12.11.,4,4.0,1,모범식당지정
육갑식당,I am 진실이에요,,2022.09.14.,5,3.7,620,모범식당지정
육갑식당,HWANG KICHUL,,2022.09.11.,5,5.0,631,모범식당지정
육갑식당,맛집탐방쟁이,여기 진짜 굿 ♡♡♡,2021.09.01.,5,4.9,29,모범식당지정
육갑식당,eunD,"맛은 당연하고 서비스랑 친절함이 최고였어요! S2
진짜 기분좋게 식사하고 갑니다 ㅎㅎㅎ
계란찜도 무한리필이고 고기도 직접 구워주시고 너무 좋았어요!!!
자주 방문할 것 같습니다~",2021.04.04.,5,3.7,3,모범식당지정
육갑식당,에,"너무good!!!
서비스 많아 
추천 ",2021.01.04.,5,4.1,23,모범식당지정
육갑식당,포동동,"늑간살? 대존맛탱 진심
특정직원분들 센스 대박.. 
추가 고기 올리는 타이밍도 대박...",2020.10.22.,5,3.7,172,모범식당지정
육갑식당,danny,"근방 고기집들 많은데 계속 여기만 가게 됩니다.
서비스도 좋고 가끔 가는데도 사장님이 기억해주시고
꽃살도 맛있고 이베리콘도 맛있고",2020.07.18.,5,4.1,76,모범식당지정
육갑식당,서우진,너무 맛있게 먹었습니다 !!,2020.06.20.,5,5.0,1,모범식당지정
육갑식당,김동규,개 존맛탱!!!,2020.06.14.,5,5.0,1,모범식당지정
육갑식당,발보아파크,"이베리코돼지 질 좋았고 직원들이 직접 구워주는 점, 고기랑 곁들여 먹는 와사비, 마늘,파절임,구워주는 백김치, 양파등 여러가지,  계란찜,물김치,된장찌개도 가성비있고
불판도 자주 갈아주어서 만족스러웠음",2020.01.29.,4,3.0,25,모범식당지정
육갑식당,채영,"친절한 직원분들, 최고의고기, 센스있는 서비스! ",2020.01.03.,5,4.9,9,모범식당지정
육갑식당,김기혁,맛잇어요 친절해요 좋어용,2019.11.06.,5,3.8,12,모범식당지정
육갑식당,별,"최고의 지점이에요. 맛도 서비스도 정말로요.
고기 직접 구워주셔서 놀랐어요!
재방문의사 1000% &hearts;",2019.08.21.,5,4.3,559,모범식당지정
육갑식당,Ted Ahn,친절합니다,2018.12.29.,5,2.8,25,모범식당지정
육갑식당,grandsage,,2018.10.26.,5,5.0,31,모범식당지정
황소곱창,J,맛있고 손질 깔끔하고 친절까지 최고,2024.03.07.,5,4.0,82,모범식당지정
황소곱창,jia,곱창너무맛있어요!!!! 질기지고않고 맛있게먹었는데 볶은밥이...별로였어서... 아쉽긴했어요 간이안맞네요..,2024.02.14.,4,4.2,66,모범식당지정
황소곱창,얌얌,곱창 대창 둘다 맛있었어요!,2023.11.11.,4,3.5,2,모범식당지정
황소곱창,우현,,2023.11.10.,5,4.8,22,모범식당지정
황소곱창,박재철/마르띠노,"여사장님 왕친절에 써비스 팍팍~ 
완존 맛나게 잘 먹고 즐거운 시간 보내고 귀가 합니다요 적립도 딱딱 낭중 제가 쏠때 큰 도움 됩니다.👍",2023.08.01.,5,4.0,9,모범식당지정
황소곱창,예민한입맛,,2023.07.29.,5,4.9,19,모범식당지정
황소곱창,yum,"갈때마다 항상 맛있어요 ㅜ!!
냄새 하나도 안나고 친절하고 맛있어요 굳굳 ㅜ",2023.05.29.,5,3.4,28,모범식당지정
황소곱창,dddxd,,2023.05.16.,1,2.3,22,모범식당지정
황소곱창,찰칵,,2023.02.14.,4,3.4,50,모범식당지정
황소곱창,바이바니,서비스랑 맛에 진심인 곳이에요! 껍데기 하나도 정성껏 구워주시고 곱창 곱 가득들어있고 야들야들하고 막창 대박 ㅠ,2022.02.19.,5,3.7,80,모범식당지정
황소곱창,종식,긴말안함,2022.01.31.,5,3.0,9,모범식당지정
황소곱창,"""Multi Mineral S""","모든 안주가 맛있고 가장 중요한것은 무쟈게 친절하다.
설령 음식이 맛이 없어도 다시 가고 싶을정도로 친절하다. 집 근처에 이런 집이있어  정말 좋다.",2021.12.27.,5,2.6,5,모범식당지정
황소곱창,모트,"진짜 너~~무 맛있어요 곱창대창 다 맛있어요!!
껍데기는 제가 먹어본 껍데기중에 제일 토실하고 정성스럽고 세상 맛있어요ㅜ
좀 비싸긴한데 가시면 후회안합니다ㅜ",2021.10.07.,5,4.7,64,모범식당지정
황소곱창,스캇브레인,이만큼 맛있는 곱창집 찻기 힘듬.,2020.04.18.,5,4.2,22,모범식당지정
황소곱창,yeuseung,"이른 저녁에도 사람이 많고, 주차 불가, 장소가 협소한 게 흠.
곱창, 대창, 막창, 껍데기 맛있음.",2018.09.18.,3,3.4,61,모범식당지정
황소곱창,최호영,,2018.08.20.,3,3.0,1041,모범식당지정
삼식이감자탕,( ்́ꇴ ்̀)♡,리뷰에 살이 진짜 연하단 말이 많던데 그건 진짜 100번 인정합니다. 여성분들 여기서는 예쁘게 먹을 수 있어요;; 사실 손으로 봑하고 찢어 먹어야 감자탕이긴 한데 한 번씩 손에 묻히기도 싫고 예쁘게 먹고 싶잖아요 여기는 젓가락으로만 해도 살이 다 떨어집니다 진ㅁ자 그 정도로 연해요 ;; 볶음밥 먹으려고 고기만 떼려는데 그땐 그냥 숟가락으로 슥슥 했는데도 뼈에서 고기가 다 떨어집니다. 대신 감자탕은 다른 곳보다는 가격이 조금 있는 편인 것 같아요. 그만큼 소짜를 시켜도 양이 무척 많다고 느껴집니다!! 아쉬운 점은 시래기가 조금 적은 느낌??이 조금 있더라구여! 아닌가?? 내가 너무 허겁지겁 다 먹어버린 건가ㅎ 무튼 시래기 양이 조금 아쉬운 거! 말고는 매우~~굿입니다,2024.03.21.,5,4.8,6,모범식당지정
삼식이감자탕,lee jung min,굿 굿 말이 필요없어요  서빙이모님 혼자가도 반갑게 맞이해주심 감사합니다,2024.02.07.,5,5.0,1,모범식당지정
삼식이감자탕,정성호,"제 최애 감자탕 집 입니다. 살도 연하고 국물도 진하고 양도많고 김치, 깍두기, 양파절임 다 맛있습니다",2023.12.30.,5,5.0,2,모범식당지정
삼식이감자탕,sa,맛있음,2023.06.23.,5,3.0,62,모범식당지정
삼식이감자탕,모던락커,,2023.05.31.,5,4.5,12,모범식당지정
삼식이감자탕,베베,"후기보고 갔는데
살이 많고 연하고요 뼈분리도 술술돼요
순한맛이 일반감자탕맵기정도에요
반찬도 신선한재료사용하고 주방이 오픈주방이라 더 믿을수있네요 
자주갈것같아요 !",2023.05.01.,5,2.6,18,모범식당지정
삼식이감자탕,먹는게남는거,역삼역 감자탕 추천 고기부드럽고 고기많이붙어있음 👍,2023.04.13.,5,3.7,234,모범식당지정
삼식이감자탕,.,,2023.01.12.,5,3.8,8,모범식당지정
삼식이감자탕,스토아,"고기는 부드럽고 맛잇었지만 
국물은 취향이 아니어서 아쉬웠음 
일단 파가 많이 들어가서 그런진 모르겠지만 
국물맛이 깊지 않았음",2022.11.30.,3,4.3,332,모범식당지정
삼식이감자탕,트리플제이,감자탕 매우 만족합니다.,2022.10.29.,5,5.0,2,모범식당지정
삼식이감자탕,qowie,"양이 많고
고기가 완전 야들야들해요",2022.05.11.,5,4.7,34,모범식당지정
삼식이감자탕,성치율 11,둘이  먹다 세명 죽어도 모를 맛입니다,2022.05.05.,5,5.0,3,모범식당지정
삼식이감자탕,ma kookhyun,깔끔한 국물과 풍부한 고기량 모두 좋아요~,2022.03.21.,5,5.0,1,모범식당지정
명인등심,Stone,"회사 회식으로  처음 방문했는데
아.  이젠  다른 등심집  못가겠다 하는  생각 듬.
동기들하고  등심 계  만듬.ㅋ
다음에  또  올께요~~@@",2024.04.26.,5,5.0,4,모범식당지정
명인등심,이주영,"자주 오는데 친절하게 응대해주셔서 잘 먹고갑니다.
서울시내에 이 정도 가격에 이 정도 퀄리티 고기를 먹을 수 있음에 매우 만족합니다. ㅎㅎ",2024.04.26.,5,5.0,1,모범식당지정
명인등심,하...,"맛은 있었지만 서비스가 너무 별로였다.. 
아주머니랑 계산해주시던분 남자분 태도가 너무 안좋음 차라리 같은 돈주고 딴곳가서 먹는게 맘도 편하고 맛도 비슷할듯 ",2024.04.26.,1,2.6,5,모범식당지정
명인등심,따봉따람,"가족들과 식사하기에 최적
고기질 당연히 좋고",2024.03.30.,5,3.5,15,모범식당지정
명인등심,하늘,같이 간 친구들도 다 좋아하네요~~ 맛있어요,2023.12.24.,5,4.5,8,모범식당지정
명인등심,우디,고기두 맛있고 밑반찬이랑 다른 메뉴들도 전반적으루 맛있!! 콜키지 가격은 한 병까지 무료 두 병부터는 1만쓰! ,2023.12.13.,5,3.9,793,모범식당지정
명인등심,I am 맛집신뢰,등심불고기 좀 달긴 한데 먹을만. 전반적으로 쏘쏘한 맛,2023.11.07.,3,3.0,1390,모범식당지정
명인등심,Dr. P,최고!,2023.07.17.,5,4.0,82,모범식당지정
명인등심,frankly speaking,,2023.06.20.,2,2.8,221,모범식당지정
명인등심,만춘,흠 잡을 데 없는 맛.,2023.06.08.,5,3.6,379,모범식당지정
명인등심,전승규,비싸긴하지만 맛은 좋아요,2023.05.21.,5,5.0,3,모범식당지정
명인등심,먹구,"고기 미챠써요 입살녹임. 점심메뉴 곰탕도 맛있습니다.
국밥충 울어ㅠㅠ",2023.04.03.,5,4.6,5,모범식당지정
명인등심,mingmingeat,"일단 맛있고
이모님들 친절하고 발렛 편하고
이상이 전혀 필요하지 않은 곳",2023.02.27.,5,4.5,349,모범식당지정
명인등심,맛집좋아,점심으로 방문했는데 소고기국밥 완전 훌륭ㅋ고기도 맛잇을듯요 조만간 저녁에 방문할게요,2022.10.25.,5,3.7,82,모범식당지정
명인등심,.,,2022.08.23.,4,3.0,4,모범식당지정
명인등심,CORGI,"고기 품질은 좋습니다만..
다른 메뉴 시키려고 했는데 이렇게 응대하더군요.
&quot;아까 그 메뉴는 오늘 다 나갔다고 했는데 못 들었어요?&quot;",2022.07.22.,3,4.0,84,모범식당지정
명인등심,에버그린,고기질이 일정하지는 않지만 수준급이네요.가성비 갑입니다. 직원분들도 친절하고 기분좋은 식사였습니다.,2022.05.27.,5,3.8,17,모범식당지정
명인등심,심각하면로그인,"매장 깨끗하고 음식도 정갈하게 나와서 자주가요.
",2022.03.21.,4,1.8,23,모범식당지정
명인등심,사악한아지,"고기질 최상 구워주는 솜씨도 최상. 그러나 점심특선은 다..짬.. 엄청 짬.. 국물도 잘 우리고 했는데 소금이랑 후추가 과하게 들어감. 곰탕의 만두는 쫄깃쫄깃하고 맛있음. 국밥은 고기는 감탄나올 정도지만 그외 숙주?가 약간 시들시들하다 해야하나 오래 담군거 같음. 곰탕 고기도 진짜 부드럽고 감탄 나옴. 저녁 고기는 최상, 점심특선은 짬. ",2022.01.29.,4,3.9,142,모범식당지정
명인등심,👀,,2021.12.06.,5,4.4,311,모범식당지정
명인등심,rue de Horta,매우 청결하며 친절함. 등심 퀄리티 매우 좋음.,2021.03.13.,5,2.8,11,모범식당지정
명인등심,마루니,최고~~ !,2021.03.07.,5,5.0,2,모범식당지정
명인등심,hh,환상의 맛~~또갈거에영,2020.10.11.,5,3.4,10,모범식당지정
명인등심,탐라왕자,좋아요,2019.06.27.,5,4.3,12,모범식당지정
명인등심,성주완,,2019.04.11.,4,4.6,186,모범식당지정
명인등심,미락여행,쏘쏘,2018.12.23.,2,3.8,499,모범식당지정
명인등심,설문규,,2018.01.16.,4,4.8,1098,모범식당지정
명인등심,Jeeyong An,,2017.12.10.,4,4.2,49,모범식당지정
명인등심,신나는일,,2017.05.28.,4,4.2,453,모범식당지정
명인등심,블블,"기본찬도 잘 나오고 고기도 구워주시고 좋으당
여기 한우 특등심 살살 녹앙 쵝오 
후식으로 먹은 물냉면 육수가 독특하면서도 맛나당",2016.04.29.,4,4.1,949,모범식당지정
꽃새우 영번지,.,"여기갈바엔 동네 이자카야 가세요
우니는 말라서 색도 바라고 
푸석푸석합니다 돈아까운집",2024.04.09.,1,3.2,29,모범식당지정
꽃새우 영번지,S,"짠한형에 나왔길래 가보려고 했는데
평점 형편 없네..  
신동엽씨가 이런데를?  ㅡㅡ
뭘까",2024.04.04.,1,1.2,60,모범식당지정
꽃새우 영번지,눈치,"꽃새우는 그냥 저냥 먹을만한데 그외 모든 해산물은 음식물 쓰레기입니다

바닷가에서 이딴 해산물을 내놓으면 주방장 칼맞아요...

음식물쓰레기는 양심적으로 팔지 맙시다
냉동해산물도 적당히 오래된걸 필아야지
얼마나 오래된걸 파는거야...",2024.03.17.,1,3.8,38,모범식당지정
꽃새우 영번지,李旼靜,,2022.07.29.,5,5.0,158,모범식당지정
꽃새우 영번지,송승환,"서비스 정말 불친절하네요.
예약할 때부터 노쇼 많다고 카드 번호를 요구하고, 매장에서도 전부 불친절합니다.
요즘 이렇게 불친절한 곳은 정말 오랜만에 보네요.",2022.01.08.,1,1.0,1,모범식당지정
꽃새우 영번지,다리미,"별이 아니라 변을 주고 싶은곳,
홀 써빙하는 키큰아줌씨는 뮈하는 녀자?
기본이 부족한 녀자, 곧 문닫을 가게로  보인다.",2022.01.08.,1,1.0,5,모범식당지정
꽃새우 영번지,noah,"전혀 안 친절해짐
서빙 보시는 분 불친절의 끝

1.1 영업하는지 물어보려고 전화했다가 예약 안할거면 뭐하러 전화했냐 소리 들음. 1차 빡침.
가족들 꽃새우 첨이라 꼭 대접하고 싶어 참음.

식사하러 와서 
물 컵이 안보여 컵 좀 주실 수 있는지 여쭤봄
(컵은 테이블 뒷쪽에 있어 사람에 가려 못봤음)
어이없는 듯 한참 쳐다보다가 대답없이 손가락으로 가리킴. 2차 빡침.

주문하려던 꽃새우+닭새우 세트 중 당일 닭새우는 재고가 없다고 함
닭새우가 꽃새우로 나갈 거라길래 그럼 어떤 조합으로 먹는 게 좋은지(회,구이,찜이 있음) 여쭤봄
또 어이없는 듯 한참 쳐다보다가 &quot;다 괜찮아요&quot; 하고 감. 3차 빡침.

가족들 있어서 그냥 웃으며 넘겼지만
뭔가 돈 쓰고 기분나빠지는 집
다시는 갈 일 없음

손으로서 융숭한 대접은 바라지도 않으니
사람으로서 예절은 좀 지킵시다",2022.01.02.,1,2.0,7,모범식당지정
꽃새우 영번지,.,후기보고 걱정했는데 친절하시고 맛있어서 후기 남깁니당 ~~!! 좀 비싸지만 그만큼 맛있었어용  ,2021.12.16.,5,5.0,3,모범식당지정
꽃새우 영번지,양갱,"싱싱하고 맛있는데, 너무 불친절해서 다시는 가고 싶지 않은 곳입니다. 다른 후기처럼 진짜 불친절해요.",2021.11.26.,1,3.7,3,모범식당지정
꽃새우 영번지,유경돈,"가격과 맛 등은 괜찮으나 거기 알바직원이 개판이다. 불친절에 손님에게 따지고...

직원전화응대부터 맘 상하고 들어간다.

오늘 모임도 가려 했으나, 직원땜시 안간다!",2021.07.01.,2,1.5,2,모범식당지정
꽃새우 영번지,찌릿찐,맛있습니다. 모듬 메뉴 너무 먹고 싶은데 시킨다고 하니까 20분 걸린다고 해서 그래서 시킨다고 하니까 1시간 걸린다고해서 달라 그러니까 언제 나올지 장담 못한다고 하더라고요. 결국 못시켰어요. 왜 그런거예요?? 손님도 2테이블밖에 없었는데.. 왜그러셨어요?? ,2021.05.09.,2,3.4,7,모범식당지정
꽃새우 영번지,강프레리,"쏘쏘
굳이?",2021.04.11.,3,3.7,327,모범식당지정
꽃새우 영번지,김대길,플레이팅이 멋지고 신선,2021.03.19.,4,4.2,12,모범식당지정
꽃새우 영번지,포도,최고 좋아하고 자빠졌다...뭐가 맛있다는건지 참나...,2020.12.28.,1,1.4,125,모범식당지정
꽃새우 영번지,정민영,,2020.05.01.,4,4.0,460,모범식당지정
꽃새우 영번지,조성찬,,2019.12.01.,5,5.0,1,모범식당지정
꽃새우 영번지,shushupa,,2019.07.29.,5,3.8,104,모범식당지정
꽃새우 영번지,독설가,,2018.09.06.,2,3.2,212,모범식당지정
꽃새우 영번지,도현탁,,2017.09.08.,4,3.9,146,모범식당지정
꽃새우 영번지,김동영,뭐지??,2016.08.07.,1,2.4,151,모범식당지정
바다풍경,조현철,"통영 물메기탕! 
해장에 끝내줘요! 
매일 먹고싶다! 
그 맛을 잊을 수 없다네!
바다풍경에서 ",2024.02.15.,5,4.1,11,모범식당지정
바다풍경,민이,"진짜 음식 풍성하게 나오고 맛좋아요 
사진 회덮밥인데 회 진~~~~짜 푸짐
식사주문하는데 반찬도 진짜푸짐하게나와요 알탕도 너무맛있구",2023.12.02.,5,4.1,138,모범식당지정
바다풍경,amadeus,,2023.08.29.,4,3.3,3,모범식당지정
바다풍경,계수나무 [표주찬],서울에서 통영바다의 다채로운 맛을 느낄 수 있는 곳입니다. 게다가 가성비 완전갑. 직원들 친절하구요. 주차 편해요,2023.08.05.,5,3.5,2,모범식당지정
바다풍경,밈,"그냥 지나가다 배고파서 막 들어갔는데
맛집을 찾아버려따.. 
회도 넘 맛있고 양도 엄청 푸짐하고 서비스도 감동!!!! 담에 또가야징 ㅎㅎㅎ",2023.03.25.,5,4.0,38,모범식당지정
대가,최하정,그냥 그랬어요 ㅜ ,2024.01.23.,3,3.5,2,모범식당지정
대가,ㅇ,"만두 만으로는 기본은 하는 집. 4.5
칼만두는 그냥 기성국수 추가됨. 칼국수 아니고 국수만두국. 칼국수가 아니라 아쉬워 4.0
녹두전 맛나고 만두전골이 좋음. 4.5
비빔국수 양념맛 좋음. 곁들여진 채소랄 건 거의 없는 편.
수육은 내 입 기준 그냥그냥.

깍두기는 맛난 적이 없고, 김치도 그러한데 열에 한번은 괜찮을 때도 있음. 
만두 외로는 육개장을 자주 시키는데 보통 두부조림과 멸치볶음, 나물반찬이 추가로 나옴. 반찬은 짜서 먹기 어려운 정도...내 입 기준. 
육개장은 스뎅그릇에 미지근해서 아쉬움.

그래도 이 일대 먹을만한 집.
점심이고 저녁이고 자주 찾고 맛이 아쉽지 않은 집.
",2024.01.08.,4,4.0,73,모범식당지정
대가,메로나,"슴슴한 맛
양념장 후추 도배해도 싱거움..
양념장이 그냥 심심함
면도 국수 중면...
이게
왜 칼국슈인지 모르겠지만
칼국수 매니아로써 최악 ㅠ

접시에 고춧가루 굳은 것도 있음..",2023.10.17.,1,3.4,36,모범식당지정
대가,-,,2023.08.18.,3,2.1,49,모범식당지정
대가,pyb,"프랜차이즈 천지인 동네에 
있어주는 것만으로 고마운 식당입니다.
요리류 빼고 식사 종류들은 칼만두 열무국수 녹두전 등등 다양하게 먹어봤는데 다 괜찮아요.
가격도 이 정도면 저렴하고
딴 동네면 몰라도 신논현이라 별 다섯개 입니다.",2023.08.11.,5,4.5,36,모범식당지정
대가,지옥의타이어맛,그냥 가까워서 가는 곳. 김치 좀 어떻게 해주세요 ㅠㅠ 김치만 맛있더라도 더 자주 갈 것 같습니다...,2023.05.07.,2,3.1,197,모범식당지정
대가,태,만두가 삼삼하고 국물도 개운해요...근데 제가 자극적인걸 좋아해서 제 입맛은 아니었어요,2023.04.28.,3,3.9,79,모범식당지정
대가,바다다,만두는 아♪♪♪♪은 겐춘,2023.02.18.,3,3.9,27,모범식당지정
대가,쿠로롱,계속 먹게되는 은은한 맛이 있어요,2023.02.18.,4,3.9,47,모범식당지정
대가,S120907,만두가 바뀐거 같아요,2022.08.15.,2,4.1,140,모범식당지정
대가,쎄쎄쎄,"슴슴하고 풍부한 밑반찬! 
육개장은 9천 원이다. 맛있다.
",2022.06.29.,4,3.3,190,모범식당지정
대가,슈르루까,"칼만두가 9,000원인데 비빔국수도 9,000이어서 뭐라도 들었겠지 시켰는데
그냥 동네분식집 4,000원짜리 수준. 그냥 김치에 고춧가루 소금설탕 뻔한...생마늘하고 겨자맛의 여운이 오래가는 9,000원짜리 비빔국수
",2022.06.10.,2,2.9,61,모범식당지정
대가,원룸전문,"예전엔 만두국 담백한 맛에 되게 좋아하던 집이었는데, 사장이 바뀐건지 그냥 평범한 만두국이 되어버렸습니다. 맛도 자극적이게 됐고 만두피는 두꺼워졌는데 만두에선 아무 맛도 안 남...",2021.10.29.,2,4.0,144,모범식당지정
대가,ㅆ,맛이 변했나.. 만두가 두부80%같음;; 주인이며 직원이며 안친절해요,2021.08.20.,2,3.5,62,모범식당지정
대가,two,,2021.05.31.,4,2.6,272,모범식당지정
대가,멀티,진짜 손만두^^. 국물도 맑고 깔끔하고 짜지 않아 넘 좋음,2020.12.04.,5,3.9,96,모범식당지정
대가,dingdong,남은 반찬 (김치 깍두기) 짬 안시키고 고스란히 가져가시네요. 이 코로나 시국에 설마 반찬 재사용 안하시는거겠죠? 국물 맛은 괜찮습니다,2020.11.30.,2,2.5,30,모범식당지정
대가,경이,"진한 사골국물이 아닌 맑은 느낌이네요 .
나쁘진 않지만 제 입맛엔 soso 하네요",2020.11.12.,2,3.3,70,모범식당지정
대가,바람식객,자극없이 깔끔한 만두나 만두전골을 먹고싶을때.,2020.11.06.,4,3.8,688,모범식당지정
대가,최재원,맛있네요~ 잘먹었습니다 ~^^,2020.10.27.,5,4.2,77,모범식당지정
대가,._.,만둣국 맛있어요,2020.10.27.,4,4.6,475,모범식당지정
대가,포동동,맛있음. 두부만두인가 깔끔하다 만두국,2020.10.22.,5,3.7,172,모범식당지정
대가,쐬리,"칼만두에 칼국수 면이 아니라 소면같습니다.  소면만두국라고 팔아야하지않나요?
만두자체는 괜찮은데 칼국수면이 아니라 실망입니다. ",2020.09.20.,3,3.6,71,모범식당지정
대가,뚝딱걸,비오는 날 만두 전골에 소주 마시면 그날은 끝!!!! 칼국수는 진짜 별루.. 칼국수 면이 아니라 소면 쓰는 거 같음 \./,2019.11.21.,3,3.7,21,모범식당지정
대가,Axe.,"별 빵개 주기도 아까운 집이네요, 한명은 서빙하시는 알바분이고 계산하는 사람은 주인같던데 싸가지를 밥말아 드셧나바요? 다른 손님들 계산할때는 인사도 친절히 하던데 저희가 계산할게요 하니까 어딘데요 하고 슥 보더니 무표정으로 보는체도 안하고 카드만 주는거 손님 차별 아니예요? 오후한시반쯤 손님 별로 없었구요 두명이서 만두전골 중자시킨거면 적게 시킨것도 아닌데 메뉴올라오고 십분만에 다먹고 나왔고 맛도 진짜 기본적인 맛에 밍밍한 느낌이였는데 서비스가 제일 실망스러워요 ",2019.10.31.,1,1.0,1,모범식당지정
대가,JP,떡만두국 먹었는데 국물도 맑고 시원하고 만두도 맛나서 별5개! 근데 김치가 너무너무 맛없어서 평점 깎았네요..ㅠ 시원하게 잘익은 김치면 환상의 조합일텐데 겉절이도 아니고 익은 김치도 아니고 이도저도 아닌맛...ㅠ 유일한 반찬이라 마지못해 먹긴 했지만...김치 바꾸면 더 맛집이 될듯합니다,2019.10.19.,3,4.3,31,모범식당지정
대가,맛멋休,,2019.10.05.,3,3.8,84,모범식당지정
대가,임지,,2019.09.06.,4,3.2,599,모범식당지정
대가,我,15년 최애 단골~ 변치 않는 담백한 맛에 늘 감사합니다! 계속 있어주세요!!! #수요미식회 #전현무맛집,2019.08.05.,5,3.5,17,모범식당지정
대가,アキラ賢,평범해요. 가격도 적당.,2019.06.18.,3,3.1,99,모범식당지정
대가,Yasuo Shibusawa,マンドゥチョンゴル美味しいです！スユックとチェユックもお勧めですよ(^^),2019.05.03.,4,4.3,156,모범식당지정
대가,나경,,2018.12.31.,4,3.4,714,모범식당지정
대가,S,"국물이 깔끔
주차장 있으나 몇대만 가능
만두 전골이 방송을 탓다는데 맛보진 못함",2018.07.28.,4,3.6,453,모범식당지정
대가,정은,만두전골,2018.03.21.,3,3.6,911,모범식당지정
대가,윤,,2018.02.18.,3,3.3,149,모범식당지정
대가,MJay Ko 고 민정,Mantou Soup,2017.12.25.,3,3.3,8538,모범식당지정
대가,고카소,,2017.12.17.,5,3.6,601,모범식당지정
대가,이성민,칼만두,2017.02.14.,4,3.8,128,모범식당지정
대가,맛집탐방,만두전골,2017.01.19.,4,4.0,1286,모범식당지정
대가,오경래,tvN 수요미식회 &quot;만두전골&quot;편에 소개된 식당,2016.12.03.,4,3.6,753,모범식당지정
대가,고메페러,칼만두국의 만두 자체는 이북식이고 괜찮은 편이나 칼국수는 정작 칼국수가 아닌 기성품 중면을 쓰는 듯. 그래서 국수는 정말 실망스러웠다. 녹두전은 평범. ,2016.11.06.,2,3.3,546,모범식당지정
아리양,G1,"친절하시고 맛있었어요!!!
특히나 양밥..👍",2024.04.23.,4,3.6,5,모범식당지정
아리양,박 재즈민☆Jazemine Park,,2024.04.16.,4,3.8,10,모범식당지정
아리양,원찬혁,"잘 안남기는 리뷰 어젯밤 회사사람들 모두 데리고
강력추천하여 방문했던 아리양후기에요 
선정릉역 근처에서 회식하기 너무좋고
좌석이나 주차가 너무 편리해요 
양대창 신선함이 완전 굿굿이었고 
서빙해주시는 직원분들도 너무 친절하게 대해주셔서
시작부터 끝까지 너무 감동했던 저녁이었습니다
재방문의사100% 맛집탐방가 후기입니다.
맛 ⭐️⭐️⭐️⭐️⭐️
친절 ⭐️⭐️⭐️⭐️⭐️
주차 ⭐️⭐️⭐️⭐️⭐️",2023.08.25.,5,5.0,8,모범식당지정
아리양,오요요,음식이 맛있어요 넓어서 모임하기 딱,2023.08.20.,5,5.0,1,모범식당지정
아리양,Silverearth,여기서 첨 양대창 먹어보구 여기보다 맛있는데 아직 못봄! 대창은 뚱대창 양은 야들야들 K디저트 양밥으로 마무리하면 찐행복!,2023.08.20.,5,4.5,2,모범식당지정
아리양,보녑,자주 가는데 항상 친절하시고 맛있어요,2023.08.20.,5,5.0,1,모범식당지정
아리양,구자룡,"매장도 넓고, 쾌적하며 양대창과 양밥 맛이 일품입니다~^^",2023.08.19.,5,5.0,1,모범식당지정
아리양,qqqlppp,"조선족직원 불친절 으으
옷 담을 봉지 달라니까 우리 집은 냄새 안 한다며 있는 짜증이란 짜증은 다 내면서 툭 준다. 뭐 내가 이집 와봤냐고 어떻게 알아 냄새가 나는지 안나는지. 그리고 내가 느낀건 냄새가 아니고 양대창 향수를 매장에 뿌린건가?!
매장은 깨끗하고 맛도 괜찮음
조선족 직원좀 갈아치웠으면 좋겠다
맛 - 별5
친절 - 별1",2022.12.26.,3,3.9,50,모범식당지정
아리양,도리,구워주시는건 좋은데 귀찮은티를 너무 내셔서 불편했습니다.... 오발탄은 훨씬맛있고 친절하게 매번 하나하나 구워주시던데 여긴 다시 방문할마음이 없네요,2022.08.11.,1,2.3,3,모범식당지정
아리양,놀러다니기,양이 하나도 안 질기고 오독오독 톡톡 터져요. 고기 다 신선하고 맛있음!! 직원분이 잘 구워주셔서 편하게 맛있게 먹고왔어요. ,2021.09.03.,5,3.9,15,모범식당지정
아리양,sy,점심메뉴 다양하고 맛있어요~ 양대창도 맛있어보여서 꼭 먹어봐야겠어요,2021.07.20.,5,3.9,28,모범식당지정
아리양,월매산악회 '남하당',"소셜로 쿠폰구매하고 가서 최고급 특양과 대창을 맛보았네요
그치만 가격이 너무 쎄서 별하나뺍니다",2021.06.06.,4,3.8,70,모범식당지정
아리양,이창훈,그냥 그래요,2020.09.25.,2,4.2,51,모범식당지정
아리양,"최재규(つんどく,Tsundoku)","음 맛은 오발탄
가격은 티몬으로 싸게
굳",2020.08.26.,5,4.8,4,모범식당지정
아리양,경은,존맛,2020.07.11.,5,5.0,7,모범식당지정
아리양,hh,진짜맛있어요 또갈거임..,2020.06.12.,5,3.4,10,모범식당지정
아리양,밍밍,맛있고 친절까지 장착한 곳,2019.12.19.,5,4.7,12,모범식당지정
아리양,이돌람바,,2019.06.19.,5,4.6,5,모범식당지정
아리양,전정오,"특양구이, 백양구이, 대창구이 품질으뜸 맛 좋음ᆢ
소갈비나 갈비살은 그냥 그냥ᆢ
메뉴에 나온 가격은 옛날 가격인듯ᆢ많이 차이남ᆢ",2019.03.08.,4,4.1,299,모범식당지정
아리양,Storm,와규 등심 강추 입니다. ^^,2019.02.22.,5,4.4,80,모범식당지정
아리양,Sawyer,최고의 맛집~!!,2018.12.06.,5,2.3,9,모범식당지정
아리양,고상혁,양밥 최고에요!!,2018.11.30.,5,3.7,18,모범식당지정
아리양,blue draca,저는 대창 먹을줄 몰라서 그런지 몰라도 헛배 부르고 그러네요 양밥이라고 볶음밥이 좋았어요,2018.11.12.,3,3.8,386,모범식당지정
아리양,좋은 가게는?,4년넘게 꾸준히 찾아가는 양대창 맛집 ! 저녁 9시에 혼자가면 혼밥 가능 직원분이 맛나게 구워주심 ! 사장님도 친절하시고 강남답지 않게 맛있는 묵사발 제공되고 계속 찾아가게 되는 가게 !!! 이따 먹으러 가야지 !  몇번 가면 사장님이 기억해주심 !  더 자주 가야징 ! ,2018.10.23.,5,2.8,488,모범식당지정
아리양,밥밥,맛있어서 감사합니다 ,2018.08.25.,5,3.6,141,모범식당지정
아리양,베일리,,2018.06.11.,5,3.6,229,모범식당지정
아리양,미락여행,,2018.04.27.,4,3.8,499,모범식당지정
아리양,레만인,,2017.07.20.,4,3.3,190,모범식당지정
아리양,정병준,,2016.12.26.,5,4.6,540,모범식당지정
주식회사 원강,햅삐,"항상 복잡하고 직원들이 바빠보이지만
맛은 최고",2024.03.10.,5,5.0,1,모범식당지정
주식회사 원강,쎕쎕이,,2024.03.04.,5,4.9,56,모범식당지정
주식회사 원강,ㅌㅈ,,2024.02.21.,4,3.6,140,모범식당지정
주식회사 원강,12345,,2024.01.01.,1,2.4,27,모범식당지정
주식회사 원강,블로그는귀찮으니까여기에기록해둠,무난한곳. 직원분들 친절하셔서 좋다,2023.12.30.,3,3.5,105,모범식당지정
주식회사 원강,2023,"고기 너무 맛있어요. 무밥이랑 선지국도 최곱니다. 리모델링 때문인지 지하로 내려가야해서 고기 냄새가 좀 더 나긴하지만, 돈에 여유(?)가 생길때마다 항상 가고 싶은 곳이에요 ㅎㅎ",2023.11.25.,5,3.6,8,모범식당지정
주식회사 원강,할말많은데참음,Soooosoooo,2023.11.06.,3,3.4,237,모범식당지정
주식회사 원강,박재범,,2023.10.01.,5,4.6,9,모범식당지정
주식회사 원강,이철,,2023.09.28.,4,3.2,6,모범식당지정
주식회사 원강,궈니,good,2023.08.29.,5,5.0,34,모범식당지정
주식회사 원강,엄격한미식가,"고기 봐라 가격봐라 전나 맛있을 수 밖에 없다
하지만 이 집은 네임드 전통있는 집
소고기 야무지게 먹고싶은 놈들 여기와라 꼭두새벽집은 강남 쵠놈들 가는 곳이다.
고기질 보이냐? 와따 고기 살살 녹아뿐다
입 벌리면 기냥 들어가자마자 눈처럼 녹아삔다.
근데 개념없이 주문 들어가다보면 니 계좌도 녹아삔다.
김구워주는데 먹어보면 외국인들 여행와서 왜 김 사가는지 깨닳게된다.

식혜 꺼억",2023.08.25.,4,3.6,136,모범식당지정
주식회사 원강,라온냥,"고기 구워주는 소고기 맛집
김에 싸먹는 콩나물밥 최고
",2023.08.03.,4,3.3,3,모범식당지정
주식회사 원강,dawn,무밥세트(불고기 포함) 정말 맛있게 먹음. 말 안해도 반찬 리필해주는게 좋음. 육사시미는 주말에 주문 안되니 참고,2023.07.29.,5,4.4,20,모범식당지정
주식회사 원강,박동욱,"비싸긴하나
정갈하고 맛있다",2023.05.27.,4,3.5,11,모범식당지정
주식회사 원강,lawstar1,아주 좋아요. 매진된 물품이 많아서 다양하게 못먹은게 아쉬워요,2023.05.11.,5,3.3,271,모범식당지정
주식회사 원강,호로록,"맛은 괜찮은데 주문 전부터 직원인지 사장인지 태도에 기분 팍 상했습니다
뭐 시킬지 고민하고 있는데 (하도 빨리 물어보러 와서 그리 오래 고민할 틈도 없었어요) 주문 안 하세요? ㅋㅋㅋ 말투도 어디 진상 대하듯이
고민 좀 하고요. 했더니 그 다음번엔 주문 받으러 한 10분 넘게 안 오더라구요?? 일부러 그러는거마냥
바쁜 시간도 아니고 테이블도 우리 포함 세 테이블밖에 없었는데
그 돈 내고 왜 기분이 그렇게 상해야 하는지 고기맛집이 한군데도 아니고 다신 안 갑니다",2023.03.19.,1,3.3,15,모범식당지정
주식회사 원강,Bona Kim,"지하소방시설공사로 한두달공사하신다고 하여
1층에서만 영업을해서 웨이팅이 길어요 ㅠ",2023.03.03.,4,4.3,195,모범식당지정
주식회사 원강,Ninewol,한우의 직관적인 맛을 느끼고 싶다면.. 그리고 무밥 최고,2022.05.09.,5,3.9,192,모범식당지정
주식회사 원강,민,,2022.02.20.,4,4.3,305,모범식당지정
주식회사 원강,ㅎ,굿~ 최고 입니다,2022.01.08.,5,3.8,12,모범식당지정
주식회사 원강,박태형,,2021.12.25.,4,4.5,20,모범식당지정
주식회사 원강,과노c,,2021.09.11.,5,4.2,1100,모범식당지정
주식회사 원강,.,"음식은 정갈하고 맛은 좋은데
간이 많이 쎄서 짭니다.
특히 된장찌개는 물 한컵씩 넣어야 간이 맞을 정도로
음식 간만 조금 약하게 줄이면 좋을거 같아요~",2021.04.27.,4,4.5,2,모범식당지정
주식회사 원강,몽실,음식이 전부 너무 너무 짜요. 상추 무침부터  나물 밑반찬 다 짜고 김치는 젓갈 생으로 먹는거 같이 짜요. ,2021.04.20.,2,4.1,41,모범식당지정
주식회사 원강,Jihye,"회식으로 15명 가서 200만원어치 먹은담날 11명이 배탈났음.
전화했더니 자기네 고기 먹고 아픈사람 없었다며..
준비된 프로토콜(보험처리 관련)을 바로 문자로 보내줌 ㅋㅋ
(이미 한두번 이런전화 받은 실력이 아님ㅋㅋㅋ)
미안한 기색이 1도 없는 그 말투와..그래서 뭘 원하냐는 질문에 얼척이 없어서 리뷰라도 이렇게 적음 ㅋㅋ
보건소에 신고절차 문의할 예정임.
다신 안간다ㅡㅡ",2019.06.19.,1,1.0,2,모범식당지정
주식회사 원강,성주완,,2019.02.21.,5,4.6,186,모범식당지정
주식회사 원강,DANIEL,식사하러 갔다가 고기써는 아저씨 화장실 갔다가 손 안씻고 고기 써는거 보고 입맛 뚝  떨어짐.      ,2018.12.30.,1,1.7,236,모범식당지정
주식회사 원강,민택근,,2018.06.30.,3,3.7,377,모범식당지정
주식회사 원강,이종복,음식대비 너무비싸요,2018.06.21.,1,1.0,4,모범식당지정
주식회사 원강,나경,,2018.01.28.,4,3.4,714,모범식당지정
주식회사 원강,MJay Ko 고 민정,++ Korean Beef,2017.12.23.,3,3.3,8538,모범식당지정
주식회사 원강,라파엘,,2017.12.09.,4,3.7,91,모범식당지정
주식회사 원강,미락여행,두툼한 등심,2016.11.04.,4,3.8,499,모범식당지정
주식회사 원강,Kyoung,무우밥도 맛있음 ,2016.10.25.,4,3.5,363,모범식당지정
주식회사 원강,이재원,무밥추천이요 나주곰탕! 고기는 가격대가 만만치 않아요,2016.09.10.,3,3.6,1263,모범식당지정
주식회사 원강,김동규,,2016.08.26.,4,4.2,163,모범식당지정
주식회사 원강,동바,,2016.03.21.,5,4.9,570,모범식당지정
주식회사 원강,복,곰탕!곰탕!!,2016.03.16.,5,2.9,225,모범식당지정
주식회사 원강,후회없는 행복한삶,"맛:★★★★
분위기:★★★
한우전문. 기본적으로 1인분 5만원. 상당히 부담스런 가격. 맛은 좋다. 이렇게 비싼대도 사람 미어 터진다.",2016.03.11.,4,3.4,563,모범식당지정
봉산집,빵글이 김진수,ㅋㅋㅋㅋㅋㅋㅋㅋㅋㅋㅋㅋㅋ  SNS낚인 호구들..............,2024.01.19.,1,2.9,146,모범식당지정
봉산집,장영주,,2023.08.21.,5,5.0,3,모범식당지정
봉산집,장금이,발렛기사 넘 불친절  밑 반찬도 형편없고 다시는 가고싶지 않네요 ,2022.08.29.,1,2.0,31,모범식당지정
봉산집,jayz,"아직 안없어졌냐 여기?
발렛파킹은 불친절 종업원은 조선족이신지
개불친절 
반찬은 김치 양배추 끝
차돌박이는 개비싼데 양은 적고
공기밥 시키면 0.5인분 같은 1인분 나오고..
별 한개도 아깝다
여기서 먹고나서 이 리뷰를 보았다면
당신은 실패한거요",2022.04.14.,1,1.3,3,모범식당지정
봉산집,클놈,,2021.12.10.,1,3.1,1229,모범식당지정
봉산집,愼泛,"사장이 건물주임 무조건! 100%!!
강남에서 건물주면 개판으로 운영해도 식당이 문을 열고 있을 수 있다는 것을 보여주는 식당.
맛, 정성, 친절함 모두 제로!!
이곳을 다시 가느니 차라리 북한 김정은이랑 프렌치 키스를 하겠음!!!! ",2020.07.12.,1,3.4,178,모범식당지정
봉산집,Shkim,상도의 라는 것이 실종된 음식점임. 차돌박이 4조각 던져주고 3만1천원 그리고 식사는 공기밥 2개를 받아 4개로 나누어 던져주는 식당. 어떻게 이런 식당이 아직도 존재하는가. 국세청이 심판해야할 곳임,2020.03.08.,1,3.0,9,모범식당지정
봉산집,"Kim, Jung won","고객 응대 및 서비스가 완전 별로에요,,,ㅡ,ㅡ;;;;
첨부 영수증보면 아시겠지만, 백만원 넘게 먹어도 손님 대접 제대로 받기 힘든 식당입니다.

고기 많이 먹고서 후식 밥을 시키니,,, 
- 지금은 고기만 드시라고 강요 ㅋㅋㅋ (먹고 싶어도 직원이 주문을 안 받아요)

차돌 먹다가 양을 추가로 시켰는데, 불판은 차돌 먹던 판에 그대로 구워 제대로 익지 않아서,,,
- 냄새나서 하나도 못 먹었어요 ㅜㅜ
 (냄새나서 못 먹겠다고하니, 고추장에 찍어 먹으면 된다고,,ㅋㅋㅋ)

그 후에 불판을 양 전용불판으로 교체해주더군요,,, 이미 먹지 못할 정도의 음식이 되어버렸는데,,,

후식으로 시킨 차돌된장과 볶음밥은 밖에 통로에 계속 한참 세워두고,,, 
- 한참 후에 말라 비틀어진 볶음밥을 주셔서 제대로 먹지도 않고 기분 나빠서 악몽 같은 송년 회식이 되었어요,,,

- 메뉴 주문시 확인도 안하고 막 가져다 놓구, 계산시 제대로 주문 확인도 할 수 없어요,,,,

서비스가 좋아야 음식이 맛도 좋다는 걸 알게 되었습니다.

절대 송년 회식 장소로 비추드립니다.",2019.12.27.,1,1.0,1,모범식당지정
봉산집,vicky,"서비스 최악. 
저는 초면인데, 마치 저랑 10년은 알고 지낸 옆집 이모처럼 하시더라구요. 이 가격에 선술집 서비스 마인드. 놀랍습니다.
고기와 파소스 땜에 일년에 10번 이상은 갔었는데.. 다른 지점을 가보려구요.",2019.10.12.,1,3.1,37,모범식당지정
봉산집,성주완,,2019.04.11.,4,4.6,186,모범식당지정
봉산집,김진석,쑤웻두어뿌웍,2019.02.23.,1,3.0,4,모범식당지정
압구정 샤브샤브,가가멜,"밑에 양 따질거면 지방으로 가던가
신사동 한복판에서 무슨 산더미처럼 주길 바란건가?
본인 아니어도 장사 잘 되는 집임
",2023.07.09.,5,4.2,13,모범식당지정
압구정 샤브샤브,젤다,샤브샤브 야채의 반은 숙주. 죽 일인분은 밥 반공기도 안되는 양. 전체적으로 양이 매우 적고 왜 손님 없어진지 알겠네요 ,2021.11.21.,1,2.1,67,모범식당지정
압구정 샤브샤브,PP,칼칼한 샤브 아니고 건강하고 감칠맛있는? 느낌입니다. 막 퓨전 그런 거 아니고 중국 훠궈 아니고 찐 샤브샤브. 상차림도 깔끔하고 같이 간 지인도 맛있게 먹었습니다. 죽 꼭 챙겨드세요 죽 맛이 아직도 혀에 남아 아른거려요. 강추!,2021.04.27.,5,5.0,1,모범식당지정
압구정 샤브샤브,👻,진짜 요즘 때에 완전 딱임... 각자 개인 냄비에 메뉴도 따로 가능...ㅠ. 육수 간이 없어서 좀 밍밍할 수도 있는데 소스 찍어 먹으면 무릎 치고 이마 칠 정도로 맛있음. 다 먹고 죽 필수. 샤브 먹고 싶당...,2021.04.27.,5,5.0,1,모범식당지정
압구정 샤브샤브,LJS/PUNA,"이시국 개인냄비 끝내줌 , 소스가 독특하고 맛있음 ,  야채종류 매일 달라짐",2020.04.04.,5,4.5,18,모범식당지정
압구정 샤브샤브,나,,2019.05.06.,1,2.5,12,모범식당지정
압구정 샤브샤브,최인우,자기 상을 따로 받는 샤브집. 괜찮다.,2016.08.03.,3,3.1,422,모범식당지정
홍백,수지니,고기 질 좋고 맛나요,2023.10.06.,5,5.0,1,모범식당지정
홍백,김혜령,"암소한우집답게 고기가 너무 부드럽고 맛있네요!
매장도 크고 직원분들이 너무 친절히 잘 구워주셨어요~ 서비스도 주시고 배부르게 먹고 왔습니다 ㅎㅎ",2023.09.30.,5,5.0,1,모범식당지정
홍백,박지원,암소한우고깃집 답게 고기가 살살 녹네요..🥹 밑반찬도 잘 나오구요 이모님이 다 구워주셔서 회식 장소로 좋을거 같고 친절합니다~! 재방문의사 100프로!!,2023.09.30.,5,5.0,1,모범식당지정
홍백,황영선,,2023.09.26.,5,5.0,1,모범식당지정
홍백,맛잘알,점심식사로 깔끔한 국밥 먹기 좋은 곳이에요!,2023.04.17.,3,3.8,48,모범식당지정
홍백,홍회장님,"삼성동에서 이런 퀄에 이가격이면 정말 좋은곳
특히 갈비살을 직접 작업해서 주는데 . 투뿔소고기만 사용하신다고 하심 ..맛도 좋고 진짜 친절함",2023.02.13.,5,3.0,2,모범식당지정
홍백,강산,정말 별로 입니다. 불낙탕을 먹었는데 달기만하고 느끼해서 절반도 못먹었네요. 반찬도 너무 부실 했어요. 정말 비추 입니다.,2023.02.09.,1,2.9,15,모범식당지정
홍백,오늘,소고기 맛있어요,2022.12.30.,5,4.0,42,모범식당지정
홍백,MAT,"반찬이 분식집 수준임
메인메뉴가 아닌 반찬때문에 다시가기 싫은집
잇몸으로도 씹을수 있는 물러터진 깍두기
배추김치는 심지어 볶아놓은거 줌

최악.",2022.11.11.,1,2.3,3,모범식당지정
홍백,"청결,맛,가격,친절",,2022.09.20.,1,2.6,226,모범식당지정
홍백,썬,"고기는 질겼음
점심메뉴 좋아서 자주가요",2022.08.28.,5,5.0,4,모범식당지정
홍백,코엑슈돌,,2022.08.23.,3,2.5,78,모범식당지정
홍백,;),"고급스럽게 나오는데 일반적인맛은 아니어 호불호가 갈리는맛(특이한 남도음식)
문제는 같이간사람이랑 둘다 몇시간차로 배탈이 났는데 지금 하루종일 속이 미식미식 울렁거리고 배탈로 화장실 몇십번 계속 가고있어요ㅜㅜ
제가 음식먹고 이런적처음이라 
저희만 이런건지 이날 식사한 다른분들도 이런건지 궁금하네요?
계속 심각해지면 병원 가야할듯요",2022.08.12.,2,3.1,173,모범식당지정
홍백,젊은노인,콩나물해장국 멋짐,2022.07.10.,5,4.8,43,모범식당지정
홍백,강희영,룸에서 식사 했었는데 조용하고 좋았음. 소고기도 맛있었고 계산하고 나올 때 사탕도 주셔서 기분 좋은 한끼였음!,2022.06.10.,5,4.5,31,모범식당지정
홍백,a7,몸보신으로 불고기낙지탕 완전 강추에요!^^,2022.03.06.,5,4.1,20,모범식당지정
홍백,btlsfan,"음식 맛있었고, 직원분들은 엄청 친절한데, 정작 쥔장은 좀 아니네요.  다른분이 지적하셨듯이, 싼거 먹는 사람은 재수없어 함.",2021.10.29.,2,3.5,31,모범식당지정
홍백,Ggom,한우 양념 주문하면 고기를 테이블까지 들고 와서 양념 전의 고기 상태를 눈으로 확인하게 한 후에 양념해서 나옴. 메인의 육질과 양념 모두 괜찮고 그 외에 기본으로 나오는 선지국 차돌박이회 낙지볶음밥 등등 만으로도 메인메뉴 외의 풍미와 포만감을 느낄 수 있음. 방송으로 유명세 탄 강원도 어느 한우주물럭에 너무 실망한 후 칭찬할 만한 곳은 아낌 없이 칭찬해야 한다는 진리를 뒤늦게 깨닫고 후기를 씀.,2021.10.23.,5,2.7,34,모범식당지정
홍백,☆,"말이 필요없네요ᆢ최고에요
",2020.12.11.,5,3.9,135,모범식당지정
홍백,정민영,,2020.11.15.,5,4.0,460,모범식당지정
홍백,이현희,"진짜 강추입니다ㅠㅠㅠㅠ 기본으로 나오는 선지국 맛이 일품이에요. 소고기도 상태 최상급이고, 서비스도 최상이네요!
단골집이라 자주 가는데 장동건,고소영,황정민,손흥민,기성용,홍진영 등등 연예인들을 엄청 자주 봤어요ㅋㅋㅋㅋ 연예인분들도 즐겨찾는 맛집인 것 같네요^^",2019.04.18.,5,5.0,4,모범식당지정
홍백,찐빵콩,서비스도 많고 맛있어요 사장님 친절하심,2019.01.01.,5,5.0,6,모범식당지정
홍백,순례자,명성에 비해 그닥. ,2018.10.03.,3,2.8,31,모범식당지정
홍백,강대우,점심의 육회비빔밥..,2016.09.10.,4,3.2,459,모범식당지정
홍백,류근수,"전문 한우집은 내 돈 낸 적이 없어서 맛을 기억 못함.
낙지 볶음밥이 특이.",2016.08.03.,3,2.6,536,모범식당지정
